"Tarih","Şimdi","Açılış","Yüksek","Düşük","Hac.","Fark %"
"23.02.2026","227,50","223,30","227,70","223,30","25,66M","2,66%"
"20.02.2026","221,60","221,60","224,10","217,50","28,78M","0,05%"
"19.02.2026","221,50","223,60","229,80","221,00","48,54M","-0,27%"
"18.02.2026","222,10","220,50","223,90","218,20","38,75M","0,95%"
"17.02.2026","220,00","223,00","223,50","219,70","22,83M","-1,57%"
"16.02.2026","223,50","222,60","226,30","222,00","24,52M","0,86%"
"13.02.2026","221,60","223,70","226,10","220,60","25,62M","-0,76%"
"12.02.2026","223,30","217,00","223,90","216,10","33,91M","3,43%"
"11.02.2026","215,90","215,00","218,20","213,80","26,53M","0,70%"
"10.02.2026","214,40","221,00","222,00","213,50","28,40M","-2,46%"
"09.02.2026","219,80","221,30","223,90","218,90","32,63M","-1,43%"
"06.02.2026","223,00","226,60","229,10","222,60","21,12M","-1,55%"
"05.02.2026","226,50","229,20","233,30","226,10","22,29M","-1,18%"
"04.02.2026","229,20","234,50","237,70","229,20","25,88M","-2,05%"
"03.02.2026","234,00","231,70","235,10","228,10","40,10M","1,92%"
"02.02.2026","229,60","239,90","239,90","226,60","37,42M","-6,21%"
"30.01.2026","244,80","246,90","247,80","240,00","20,94M","-1,45%"
"29.01.2026","248,40","244,00","248,40","240,80","30,42M","2,56%"
"28.01.2026","242,20","228,30","244,70","228,30","32,93M","6,60%"
"27.01.2026","227,20","227,00","228,30","223,10","18,01M","0,09%"
"26.01.2026","227,00","224,50","228,20","223,70","16,87M","0,53%"
"23.01.2026","225,80","227,90","229,30","225,00","15,70M","-0,40%"
"22.01.2026","226,70","223,40","227,40","219,50","21,61M","2,53%"
"21.01.2026","221,10","228,50","230,60","217,00","27,08M","-2,56%"
"20.01.2026","226,90","222,90","228,00","222,40","25,44M","1,84%"
"19.01.2026","222,80","222,50","226,20","218,70","23,06M","0,13%"
"16.01.2026","222,50","218,60","223,70","217,20","20,08M","1,78%"
"15.01.2026","218,60","217,20","218,90","212,20","24,58M","0,05%"
"14.01.2026","218,50","208,30","220,50","207,80","38,03M","4,85%"
"13.01.2026","208,40","203,70","209,00","203,10","31,05M","2,66%"
"12.01.2026","203,00","198,00","203,60","196,70","22,77M","2,89%"
"09.01.2026","197,30","197,50","200,40","194,70","20,14M","0,31%"
"08.01.2026","196,70","197,70","198,80","195,40","14,27M","-1,21%"
"07.01.2026","199,10","199,90","201,40","197,90","19,01M","-0,45%"
"06.01.2026","200,00","192,90","200,10","191,70","23,00M","3,68%"
"05.01.2026","192,90","187,00","193,00","186,20","31,95M","3,16%"
"02.01.2026","187,00","184,50","187,30","184,40","9,11M","1,41%"
"31.12.2025","184,40","186,50","187,30","183,70","11,06M","-1,07%"
"30.12.2025","186,40","183,30","186,40","183,30","10,38M","1,80%"
"29.12.2025","183,10","185,10","186,10","183,10","10,41M","-1,08%"
"26.12.2025","185,10","188,00","188,10","184,30","7,57M","-1,70%"
"25.12.2025","188,30","188,60","189,50","187,70","4,79M","0,16%"
"24.12.2025","188,00","185,20","188,30","183,80","13,59M","1,51%"
"23.12.2025","185,20","185,70","187,00","184,60","13,62M","-0,27%"
"22.12.2025","185,70","185,30","186,40","182,40","19,11M","0,60%"
"19.12.2025","184,60","188,90","189,30","183,90","19,89M","-2,17%"
"18.12.2025","188,70","189,60","191,00","187,60","15,20M","-0,32%"
"17.12.2025","189,30","186,80","190,80","186,50","22,42M","1,39%"
"16.12.2025","186,70","194,70","195,10","186,70","30,44M","-4,26%"
"15.12.2025","195,00","197,80","199,00","195,00","19,90M","-1,32%"
"12.12.2025","197,60","198,10","199,00","196,10","18,91M","0,10%"
"11.12.2025","197,40","198,20","200,70","196,10","19,04M","-0,30%"
"10.12.2025","198,00","197,60","199,90","196,80","21,66M","0,25%"
"09.12.2025","197,50","199,30","199,90","196,60","12,20M","-0,80%"
"08.12.2025","199,10","197,80","201,70","196,80","17,65M","0,76%"
"05.12.2025","197,60","196,60","199,90","195,00","18,63M","0,30%"
"04.12.2025","197,00","196,70","199,80","196,00","15,68M","0,15%"
"03.12.2025","196,70","197,90","200,20","194,70","23,57M","-0,66%"
"02.12.2025","198,00","198,90","201,60","198,00","21,35M","-0,50%"
"01.12.2025","199,00","195,00","199,50","193,70","18,61M","2,16%"
"28.11.2025","194,80","194,50","196,20","193,50","13,12M","0,31%"
"27.11.2025","194,20","193,60","194,20","191,30","15,85M","0,62%"
"26.11.2025","193,00","190,20","195,30","190,20","16,26M","1,58%"
"25.11.2025","190,00","195,30","196,00","186,90","25,35M","-2,56%"
"24.11.2025","195,00","200,40","201,20","191,60","33,94M","-3,18%"
"21.11.2025","201,40","204,30","204,30","198,50","15,48M","-1,76%"
"20.11.2025","205,00","207,50","209,30","203,30","16,68M","-0,73%"
"19.11.2025","206,50","203,90","208,50","203,90","18,61M","1,23%"
"18.11.2025","204,00","201,00","205,50","199,40","19,15M","1,14%"
"17.11.2025","201,70","200,00","204,60","197,60","26,96M","1,26%"
"14.11.2025","199,20","197,20","199,40","195,90","17,31M","0,76%"
"13.11.2025","197,70","194,90","199,60","193,10","21,20M","1,33%"
"12.11.2025","195,10","193,00","195,20","189,10","16,06M","1,40%"
"11.11.2025","192,40","196,50","198,10","187,90","22,39M","-2,14%"
"10.11.2025","196,60","198,70","201,70","195,30","22,00M","-0,71%"
"07.11.2025","198,00","197,90","200,00","196,50","15,75M","-0,10%"
"06.11.2025","198,20","195,90","199,90","195,30","19,20M","1,43%"
"05.11.2025","195,40","188,20","196,50","187,70","27,11M","3,94%"
"04.11.2025","188,00","198,40","199,90","187,80","29,50M","-5,39%"
"03.11.2025","198,70","197,60","201,00","196,40","29,11M","0,56%"
"31.10.2025","197,60","195,70","199,30","194,40","21,76M","0,82%"
"30.10.2025","196,00","196,70","198,00","194,70","16,63M","-0,36%"
"28.10.2025","196,70","192,70","197,50","192,40","9,84M","2,08%"
"27.10.2025","192,70","191,50","193,90","188,90","20,18M","0,47%"
"24.10.2025","191,80","189,00","195,40","186,30","34,81M","2,57%"
"23.10.2025","187,00","182,20","190,00","181,20","29,38M","2,92%"
"22.10.2025","181,70","177,50","183,20","177,30","19,08M","3,18%"
"21.10.2025","176,10","177,50","179,00","175,10","10,77M","-0,73%"
"20.10.2025","177,40","173,40","178,70","171,90","19,26M","2,42%"
"17.10.2025","173,20","175,40","176,80","170,80","14,19M","-1,70%"
"16.10.2025","176,20","178,10","180,20","175,30","12,05M","-1,23%"
"15.10.2025","178,40","174,00","179,50","173,40","20,63M","2,47%"
"14.10.2025","174,10","172,50","176,60","172,20","17,03M","0,93%"
"13.10.2025","172,50","178,50","178,50","171,80","17,74M","-4,49%"
"10.10.2025","180,60","183,10","183,50","177,80","16,02M","-1,37%"
"09.10.2025","183,10","181,80","184,10","180,50","14,58M","1,44%"
"08.10.2025","180,50","180,80","182,20","177,90","15,15M","-0,06%"
"07.10.2025","180,60","181,40","182,20","179,20","16,77M","-0,77%"
"06.10.2025","182,00","185,20","185,30","180,70","15,08M","-1,67%"
"03.10.2025","185,10","192,20","192,70","184,20","15,21M","-3,09%"
"02.10.2025","191,00","191,50","194,40","190,00","13,65M","-0,26%"
"01.10.2025","191,50","186,20","194,30","181,70","24,83M","2,68%"
"30.09.2025","186,50","187,40","187,50","181,30","21,49M","0,33%"
"29.09.2025","185,88","185,40","187,80","183,19","19,43M","0,26%"
"26.09.2025","185,40","192,23","192,32","184,05","23,55M","-3,89%"
"25.09.2025","192,90","191,36","193,96","189,63","21,56M","1,52%"
"24.09.2025","190,01","188,09","190,69","184,82","18,51M","1,02%"
"23.09.2025","188,09","187,90","190,21","185,88","16,79M","-3,89%"
"22.09.2025","195,70","197,50","200,20","195,70","17,35M","0,36%"
"19.09.2025","195,00","191,40","195,00","190,30","19,36M","1,88%"
"18.09.2025","191,40","191,00","194,40","190,10","18,54M","0,63%"
"17.09.2025","190,20","189,00","190,80","187,50","14,31M","0,63%"
"16.09.2025","189,00","184,40","189,70","182,40","27,52M","2,89%"
"15.09.2025","183,70","173,40","184,10","171,50","35,31M","5,94%"
"12.09.2025","173,40","174,60","176,10","172,00","22,15M","-0,91%"
"11.09.2025","175,00","170,50","179,00","169,80","36,24M","2,64%"
"10.09.2025","170,50","169,20","170,60","166,00","17,33M","1,31%"
"09.09.2025","168,30","166,00","171,50","166,00","24,78M","1,45%"
"08.09.2025","165,90","165,80","167,00","163,30","16,04M","-0,96%"
"05.09.2025","167,50","169,60","171,30","166,50","14,98M","-0,77%"
"04.09.2025","168,80","170,90","172,30","167,90","20,74M","-1,23%"
"03.09.2025","170,90","170,10","172,10","168,20","22,96M","0,47%"
"02.09.2025","170,10","174,00","175,90","165,60","39,03M","-1,79%"
"01.09.2025","173,20","172,20","174,50","170,20","20,46M","0,58%"
"29.08.2025","172,20","171,10","174,30","169,90","24,77M","0,70%"
"28.08.2025","171,00","171,10","173,50","171,00","13,55M","-0,06%"
"27.08.2025","171,10","172,60","173,40","170,70","17,65M","-0,29%"
"26.08.2025","171,60","172,20","174,20","171,40","19,14M","-0,69%"
"25.08.2025","172,80","174,70","174,90","172,80","18,57M","0,06%"
"22.08.2025","172,70","169,40","173,00","167,90","29,44M","2,55%"
"21.08.2025","168,40","164,90","168,70","164,50","22,42M","2,68%"
"20.08.2025","164,00","160,30","164,80","159,90","21,58M","2,37%"
"19.08.2025","160,20","161,20","161,80","159,40","15,11M","-0,56%"
"18.08.2025","161,10","163,00","163,70","160,50","10,16M","-0,98%"
"15.08.2025","162,70","160,20","163,60","160,20","13,44M","1,69%"
"14.08.2025","160,00","162,30","163,00","159,20","12,44M","-2,02%"
"13.08.2025","163,30","161,10","163,50","161,10","11,75M","1,43%"
"12.08.2025","161,00","164,40","164,60","160,50","14,32M","-2,07%"
"11.08.2025","164,40","164,70","165,70","163,50","13,00M","0,24%"
"08.08.2025","164,00","164,30","165,10","163,00","10,34M","-0,18%"
"07.08.2025","164,30","168,00","168,00","164,20","14,49M","-1,62%"
"06.08.2025","167,00","165,70","167,70","164,50","14,67M","0,78%"
"05.08.2025","165,70","164,30","167,50","163,40","22,06M","1,10%"
"04.08.2025","163,90","166,20","167,60","163,30","16,16M","-1,21%"
"01.08.2025","165,90","168,90","169,80","165,20","13,29M","-1,78%"
"31.07.2025","168,90","165,20","169,30","163,60","28,99M","2,36%"
"30.07.2025","165,00","164,80","167,60","162,20","26,45M","1,48%"
"29.07.2025","162,60","164,60","165,00","160,30","15,36M","-1,16%"
"28.07.2025","164,50","167,10","167,30","164,00","11,84M","-1,56%"
"25.07.2025","167,10","166,70","168,80","163,50","13,53M","0,24%"
"24.07.2025","166,70","165,80","167,80","164,00","15,07M","0,97%"
"23.07.2025","165,10","167,70","170,00","163,80","15,47M","-1,49%"
"22.07.2025","167,60","166,90","168,60","164,90","18,16M","0,36%"
"21.07.2025","167,00","160,30","168,60","160,30","25,18M","4,31%"
"18.07.2025","160,10","157,30","160,20","156,10","27,18M","1,78%"
"17.07.2025","157,30","153,50","157,30","152,10","16,95M","3,15%"
"16.07.2025","152,50","154,40","156,40","151,30","19,33M","-1,93%"
"14.07.2025","155,50","156,00","158,90","154,80","26,12M","-0,45%"
"11.07.2025","156,20","151,30","157,50","151,00","36,24M","3,99%"
"10.07.2025","150,20","146,90","150,60","146,30","17,20M","2,88%"
"09.07.2025","146,00","140,50","146,60","140,40","20,79M","3,91%"
"08.07.2025","140,50","147,00","147,30","140,50","19,67M","-3,90%"
"07.07.2025","146,20","145,50","147,50","144,10","16,39M","-0,68%"
"04.07.2025","147,20","146,60","148,70","145,10","18,30M","0,55%"
"03.07.2025","146,40","146,20","148,20","145,40","20,80M","1,17%"
"02.07.2025","144,70","142,10","147,50","142,00","30,60M","2,12%"
"01.07.2025","141,70","140,80","143,00","140,40","23,13M","1,21%"
"30.06.2025","140,00","136,00","141,00","135,10","36,76M","2,94%"
"27.06.2025","136,00","133,90","136,30","133,10","22,69M","1,72%"
"26.06.2025","133,70","134,70","135,80","133,60","16,40M","-0,52%"
"25.06.2025","134,40","137,80","138,60","134,00","22,47M","-2,11%"
"24.06.2025","137,30","139,40","141,80","137,30","48,48M","-7,48%"
"23.06.2025","148,40","147,10","152,30","147,10","42,38M","2,63%"
"20.06.2025","144,60","141,30","144,60","138,40","28,70M","0,56%"
"19.06.2025","143,80","137,60","143,90","137,60","33,80M","4,96%"
"18.06.2025","137,00","135,00","138,30","135,00","32,52M","1,63%"
"17.06.2025","134,80","130,10","136,60","130,00","30,39M","3,85%"
"16.06.2025","129,80","131,60","135,30","129,80","26,62M","-1,14%"
"13.06.2025","131,30","130,00","133,00","126,50","29,52M","0,23%"
"12.06.2025","131,00","131,20","133,30","130,10","20,33M","-0,53%"
"11.06.2025","131,70","131,00","132,00","129,80","15,80M","0,46%"
"10.06.2025","131,10","131,40","131,80","130,50","11,38M","0,23%"
"05.06.2025","130,80","131,00","131,00","129,80","3,87M","-1,65%"
"04.06.2025","133,00","127,40","133,00","125,80","13,13M","4,72%"
"03.06.2025","127,00","124,20","128,00","124,00","10,35M","2,83%"
"02.06.2025","123,50","124,00","125,30","123,00","8,63M","-0,40%"
"30.05.2025","124,00","125,20","125,80","124,00","10,86M","-1,59%"
"29.05.2025","126,00","127,00","127,80","125,30","8,01M","-0,08%"
"28.05.2025","126,10","126,00","126,70","124,80","8,34M","0,00%"
"27.05.2025","126,10","128,80","129,20","126,00","8,59M","-2,10%"
"26.05.2025","128,80","129,10","129,70","127,70","7,73M","0,16%"
"23.05.2025","128,60","128,80","130,20","126,70","9,95M","-0,23%"
"22.05.2025","128,90","129,50","131,10","128,40","10,64M","-0,23%"
"21.05.2025","129,20","130,40","130,90","128,10","11,14M","-1,00%"
"20.05.2025","130,50","134,80","135,80","130,50","12,25M","-2,83%"
"16.05.2025","134,30","131,30","135,50","130,90","14,53M","1,97%"
"15.05.2025","131,70","135,20","137,50","131,00","16,44M","-2,66%"
"14.05.2025","135,30","134,90","135,70","133,20","12,57M","0,07%"
"13.05.2025","135,20","134,40","136,00","132,70","14,19M","0,52%"
"12.05.2025","134,50","130,10","135,50","130,10","25,61M","4,51%"
"09.05.2025","128,70","130,90","133,90","128,40","49,31M","-0,46%"
"08.05.2025","129,30","117,80","129,30","117,80","33,16M","9,95%"
"07.05.2025","117,60","119,50","119,80","117,30","16,55M","-1,67%"
"06.05.2025","119,60","123,00","123,90","119,20","21,57M","-3,16%"
"05.05.2025","123,50","124,90","125,50","123,20","8,46M","-1,04%"
"02.05.2025","124,80","124,70","125,90","124,10","9,82M","0,08%"
"30.04.2025","124,70","124,20","126,90","123,60","20,86M","-0,32%"
"29.04.2025","125,10","123,40","126,20","122,90","14,33M","0,89%"
"28.04.2025","124,00","125,20","125,20","123,60","10,38M","-1,04%"
"25.04.2025","125,30","125,50","125,70","124,60","9,65M","0,00%"
"24.04.2025","125,30","125,10","125,80","123,10","12,34M","0,64%"
"22.04.2025","124,50","124,50","125,60","123,50","11,99M","0,48%"
"21.04.2025","123,90","124,90","126,80","123,00","17,26M","-0,80%"
"18.04.2025","124,90","125,00","125,50","123,80","10,20M","0,16%"
"17.04.2025","124,70","124,90","126,10","123,20","14,99M","-0,16%"
"16.04.2025","124,90","126,20","126,60","124,60","12,89M","-1,65%"
"15.04.2025","127,00","128,10","128,90","126,10","10,50M","-0,86%"
"14.04.2025","128,10","129,10","130,40","127,10","10,98M","-0,23%"
"11.04.2025","128,40","128,30","128,60","126,80","12,48M","0,08%"
"10.04.2025","128,30","132,00","132,50","128,30","15,53M","0,94%"
"09.04.2025","127,10","128,50","129,30","126,10","19,77M","-1,85%"
"08.04.2025","129,50","134,50","135,00","129,50","18,06M","-2,78%"
"07.04.2025","133,20","131,40","134,60","129,10","19,01M","-0,82%"
"04.04.2025","134,30","136,20","136,40","133,70","10,99M","-1,25%"
"03.04.2025","136,00","135,00","138,40","134,70","18,98M","0,74%"
"02.04.2025","135,00","137,10","137,30","134,20","14,18M","-2,17%"
"28.03.2025","138,00","134,50","138,00","134,00","22,48M","2,67%"
"27.03.2025","134,42","136,02","136,68","133,75","17,43M","-0,21%"
"26.03.2025","134,70","133,00","135,08","132,15","17,73M","0,42%"
"25.03.2025","134,13","131,67","135,36","130,54","27,94M","2,83%"
"24.03.2025","130,45","128,18","132,81","126,10","26,64M","1,77%"
"21.03.2025","128,18","133,28","133,28","124,77","31,74M","-9,67%"
"20.03.2025","141,90","138,10","143,80","138,10","33,37M","2,98%"
"19.03.2025","137,80","136,00","143,00","135,10","41,84M","-4,97%"
"18.03.2025","145,00","146,00","146,70","144,10","22,17M","-0,75%"
"17.03.2025","146,10","144,60","147,20","144,60","28,48M","1,18%"
"14.03.2025","144,40","144,20","144,90","143,60","22,89M","0,28%"
"13.03.2025","144,00","144,30","144,90","143,20","26,19M","0,21%"
"12.03.2025","143,70","142,30","145,10","141,50","37,86M","1,41%"
"11.03.2025","141,70","141,70","142,60","140,00","24,04M","0,00%"
"10.03.2025","141,70","140,00","142,50","139,70","31,98M","1,50%"
"07.03.2025","139,60","137,30","139,80","135,90","35,42M","1,45%"
"06.03.2025","137,60","131,00","137,60","130,50","39,30M","6,17%"
"05.03.2025","129,60","126,90","130,00","126,40","32,81M","2,86%"
"04.03.2025","126,00","128,90","129,40","125,70","19,99M","-2,25%"
"03.03.2025","128,90","130,00","131,40","128,60","26,26M","-0,08%"
"28.02.2025","129,00","128,70","130,40","128,00","22,29M","0,23%"
"27.02.2025","128,70","125,10","129,40","124,90","21,11M","2,63%"
"26.02.2025","125,40","123,60","126,40","123,10","18,81M","1,54%"
"25.02.2025","123,50","126,10","126,40","123,20","19,67M","-1,98%"
"24.02.2025","126,00","126,80","127,30","125,20","15,18M","0,32%"
"21.02.2025","125,60","127,70","128,60","123,80","25,57M","-1,64%"
"20.02.2025","127,70","125,90","128,40","125,90","22,00M","1,59%"
"19.02.2025","125,70","130,40","130,80","125,60","37,59M","-3,38%"
"18.02.2025","130,10","132,50","132,50","129,50","41,38M","-2,47%"
"17.02.2025","133,40","134,40","136,30","133,40","19,50M","-0,60%"
"14.02.2025","134,20","135,90","136,10","134,00","20,26M","-0,74%"
"13.02.2025","135,20","137,30","137,80","135,20","24,10M","-0,88%"
"12.02.2025","136,40","138,30","138,80","136,40","18,36M","-1,30%"
"11.02.2025","138,20","138,90","139,30","137,10","16,31M","-0,58%"
"10.02.2025","139,00","141,90","142,60","138,80","17,00M","-2,04%"
"07.02.2025","141,90","140,10","141,90","138,90","17,55M","1,36%"
"06.02.2025","140,00","138,80","140,50","138,60","14,30M","1,45%"
"05.02.2025","138,00","137,90","139,50","135,90","22,43M","0,29%"
"04.02.2025","137,60","139,30","140,00","137,00","21,70M","-0,72%"
"03.02.2025","138,60","139,80","140,80","137,60","20,21M","-1,84%"
"31.01.2025","141,20","142,10","142,80","140,10","14,33M","-0,35%"
"30.01.2025","141,70","140,10","142,80","139,80","19,64M","1,36%"
"29.01.2025","139,80","140,90","141,80","139,80","20,56M","-0,29%"
"28.01.2025","140,20","140,90","141,70","139,20","22,45M","-0,28%"
"27.01.2025","140,60","142,50","142,50","140,50","16,77M","-1,82%"
"24.01.2025","143,20","143,70","144,00","142,30","14,73M","-0,28%"
"23.01.2025","143,60","144,60","145,20","143,00","19,69M","-0,62%"
"22.01.2025","144,50","142,90","145,10","142,10","18,58M","1,33%"
"21.01.2025","142,60","145,30","145,60","142,60","23,30M","-2,06%"
"20.01.2025","145,60","148,70","149,60","145,50","18,08M","-1,69%"
"17.01.2025","148,10","148,90","149,00","147,20","13,61M","-0,27%"
"16.01.2025","148,50","148,30","148,70","147,20","17,00M","1,02%"
"15.01.2025","147,00","145,30","147,20","144,50","19,83M","1,38%"
"14.01.2025","145,00","144,50","147,20","144,20","26,43M","0,76%"
"13.01.2025","143,90","143,70","146,30","143,50","24,83M","0,28%"
"10.01.2025","143,50","145,70","146,00","143,10","16,91M","-1,44%"
"09.01.2025","145,60","144,70","146,00","144,30","14,03M","0,90%"
"08.01.2025","144,30","146,10","146,20","144,20","17,83M","-1,43%"
"07.01.2025","146,40","147,60","148,80","146,30","19,04M","-0,88%"
"06.01.2025","147,70","150,10","150,60","147,60","15,21M","-1,53%"
"03.01.2025","150,00","146,30","150,00","145,90","21,47M","2,67%"
"02.01.2025","146,10","142,40","146,20","140,80","22,68M","2,96%"
"31.12.2024","141,90","142,60","143,60","141,30","12,76M","-0,42%"
"30.12.2024","142,50","144,20","144,70","142,50","7,99M","-1,18%"
"27.12.2024","144,20","143,90","144,80","143,40","11,51M","0,35%"
"26.12.2024","143,70","144,20","145,20","143,00","14,97M","-0,07%"
"25.12.2024","143,80","144,00","144,60","143,30","8,76M","0,91%"
"24.12.2024","142,50","143,60","143,70","141,40","10,12M","-0,56%"
"23.12.2024","143,30","145,70","146,50","142,70","11,29M","-1,51%"
"20.12.2024","145,50","144,50","146,20","144,40","11,71M","0,76%"
"19.12.2024","144,40","145,10","146,20","144,10","9,92M","-1,30%"
"18.12.2024","146,30","148,70","149,10","146,30","10,91M","-1,48%"
"17.12.2024","148,50","148,80","149,70","147,20","12,32M","-0,07%"
"16.12.2024","148,60","151,40","151,80","148,50","12,03M","-1,72%"
"13.12.2024","151,20","150,60","151,40","149,10","12,18M","0,20%"
"12.12.2024","150,90","154,70","155,50","150,30","16,66M","-2,08%"
"11.12.2024","154,10","154,00","154,90","152,80","14,01M","0,06%"
"10.12.2024","154,00","154,50","156,20","153,30","22,45M","-0,32%"
"09.12.2024","154,50","152,90","154,90","152,70","19,84M","1,58%"
"06.12.2024","152,10","152,60","153,00","151,70","14,11M","0,60%"
"05.12.2024","151,20","153,00","153,50","150,40","17,00M","-0,79%"
"04.12.2024","152,40","149,00","153,30","149,00","30,79M","2,49%"
"03.12.2024","148,70","147,60","150,00","147,30","21,31M","0,95%"
"02.12.2024","147,30","146,40","148,20","145,80","14,38M","0,07%"
"29.11.2024","147,20","147,30","148,80","146,40","13,40M","-0,14%"
"28.11.2024","147,40","146,50","148,20","146,30","10,64M","0,61%"
"27.11.2024","146,50","149,00","149,60","146,50","14,74M","-0,81%"
"26.11.2024","147,70","147,80","148,70","147,00","13,47M","-0,54%"
"25.11.2024","148,50","147,00","150,00","146,50","26,56M","1,43%"
"22.11.2024","146,40","145,30","147,20","143,70","21,52M","1,04%"
"21.11.2024","144,90","141,00","145,10","140,90","16,80M","2,91%"
"20.11.2024","140,80","144,20","145,00","140,50","12,72M","-1,88%"
"19.11.2024","143,50","147,40","148,40","142,90","20,23M","-2,51%"
"18.11.2024","147,20","148,40","149,00","146,20","13,40M","-0,61%"
"15.11.2024","148,10","148,00","149,10","147,40","12,15M","0,14%"
"14.11.2024","147,90","146,70","148,60","146,50","19,36M","1,16%"
"13.11.2024","146,20","143,70","148,30","143,20","26,91M","1,53%"
"12.11.2024","144,00","145,70","146,10","144,00","13,31M","-1,37%"
"11.11.2024","146,00","147,10","148,80","145,70","19,27M","-0,61%"
"08.11.2024","146,90","144,60","147,20","143,50","24,66M","1,38%"
"07.11.2024","144,90","144,60","145,20","142,60","11,03M","0,35%"
"06.11.2024","144,40","141,10","145,60","140,80","18,84M","2,34%"
"05.11.2024","141,10","143,20","143,90","138,50","23,60M","-1,05%"
"04.11.2024","142,60","144,50","144,50","142,40","10,42M","-1,72%"
"01.11.2024","145,10","145,00","146,70","144,30","13,60M","0,35%"
"31.10.2024","144,60","148,10","148,70","144,40","13,12M","-2,43%"
"30.10.2024","148,20","149,30","150,00","147,60","12,97M","-0,54%"
"28.10.2024","149,00","147,30","149,00","147,00","6,68M","1,98%"
"25.10.2024","146,10","145,30","146,40","144,20","11,19M","0,07%"
"24.10.2024","146,00","144,50","146,80","144,50","12,24M","1,60%"
"23.10.2024","143,70","146,00","146,40","143,10","16,13M","-1,58%"
"22.10.2024","146,00","145,00","147,10","143,70","17,57M","0,90%"
"21.10.2024","144,70","145,00","146,00","144,00","13,76M","-0,21%"
"18.10.2024","145,00","148,00","149,10","145,00","14,82M","-1,63%"
"17.10.2024","147,40","146,90","148,40","145,90","16,22M","0,14%"
"16.10.2024","147,20","145,80","147,90","144,60","15,77M","1,03%"
"15.10.2024","145,70","145,50","147,20","144,00","23,14M","0,14%"
"14.10.2024","145,50","148,30","148,80","145,50","14,60M","-1,82%"
"11.10.2024","148,20","150,10","151,80","147,40","14,64M","-1,20%"
"10.10.2024","150,00","153,00","153,10","149,70","11,10M","-1,96%"
"09.10.2024","153,00","153,10","153,20","150,10","13,45M","-0,46%"
"08.10.2024","153,70","152,00","155,10","151,00","16,72M","1,12%"
"07.10.2024","152,00","155,20","156,20","150,80","13,27M","-1,62%"
"04.10.2024","154,50","151,00","154,50","150,00","14,96M","2,66%"
"03.10.2024","150,50","153,40","154,80","149,70","17,04M","-1,95%"
"02.10.2024","153,50","155,20","155,60","152,80","18,76M","-1,10%"
"01.10.2024","155,20","155,10","157,90","152,80","28,03M","0,00%"
"30.09.2024","155,20","158,40","158,40","155,00","14,28M","-2,14%"
"27.09.2024","158,60","159,00","160,20","157,10","21,52M","0,34%"
"26.09.2024","158,06","157,97","159,18","156,48","25,04M","0,59%"
"25.09.2024","157,13","159,18","160,39","157,13","21,07M","-1,11%"
"24.09.2024","158,90","156,85","159,64","156,39","25,02M","1,42%"
"23.09.2024","156,67","155,27","157,23","154,99","20,21M","1,57%"
"20.09.2024","154,25","157,41","157,60","153,79","17,59M","-1,83%"
"19.09.2024","157,13","154,44","157,51","154,44","19,62M","2,67%"
"18.09.2024","153,04","153,32","154,53","152,67","14,94M","-0,30%"
"17.09.2024","153,51","152,48","153,97","152,02","14,37M","1,04%"
"16.09.2024","151,93","151,37","153,14","150,16","14,64M","0,49%"
"13.09.2024","151,18","145,79","151,55","144,95","22,43M","3,77%"
"12.09.2024","145,70","146,81","147,28","141,79","23,56M","0,58%"
"11.09.2024","144,86","148,58","148,86","144,77","22,88M","-2,69%"
"10.09.2024","148,86","150,25","151,37","148,86","15,27M","-0,74%"
"09.09.2024","149,97","150,44","152,02","149,97","15,83M","0,06%"
"06.09.2024","149,88","151,00","152,39","149,79","16,34M","-0,74%"
"05.09.2024","151,00","154,07","154,72","150,62","15,83M","-1,58%"
"04.09.2024","153,41","153,41","154,53","151,74","16,20M","-1,26%"
"03.09.2024","155,37","158,81","159,27","155,09","20,25M","-2,05%"
"02.09.2024","158,62","157,60","159,55","157,13","24,67M","1,19%"
"29.08.2024","156,76","153,97","159,36","153,14","34,04M","1,93%"
"28.08.2024","153,79","153,14","154,07","152,48","16,41M","0,43%"
"27.08.2024","153,14","149,51","153,32","148,95","17,50M","2,30%"
"26.08.2024","149,70","151,00","152,95","148,67","20,31M","0,00%"
"23.08.2024","149,70","152,67","152,67","149,32","12,96M","-1,59%"
"22.08.2024","152,11","154,25","154,90","151,46","16,61M","-0,79%"
"21.08.2024","153,32","152,67","155,27","152,30","22,23M","0,55%"
"20.08.2024","152,48","153,60","154,25","151,83","15,31M","-0,73%"
"19.08.2024","153,60","150,90","153,79","150,44","17,15M","2,16%"
"16.08.2024","150,35","151,83","153,60","150,16","16,48M","-0,55%"
"15.08.2024","151,18","148,30","151,18","147,00","17,22M","2,26%"
"14.08.2024","147,84","151,46","152,48","147,65","14,86M","-1,97%"
"13.08.2024","150,81","150,44","151,46","147,93","17,31M","0,25%"
"12.08.2024","150,44","152,39","154,34","149,32","20,05M","-0,92%"
"09.08.2024","151,83","153,97","155,27","150,62","20,22M","-1,03%"
"08.08.2024","153,41","151,46","153,79","150,81","22,67M","1,29%"
"07.08.2024","151,46","147,84","151,46","147,56","22,41M","3,10%"
"06.08.2024","146,91","148,30","151,00","146,72","33,67M","2,80%"
"05.08.2024","142,91","141,51","147,56","141,51","29,40M","-3,39%"
"02.08.2024","147,93","151,09","151,55","147,93","19,24M","-3,16%"
"01.08.2024","152,76","153,60","154,99","152,30","18,86M","0,61%"
"31.07.2024","151,83","149,70","152,39","148,86","25,32M","1,05%"
"30.07.2024","150,25","151,46","152,76","150,16","16,47M","-0,55%"
"29.07.2024","151,09","151,83","152,86","150,81","16,94M","-0,55%"
"26.07.2024","151,93","151,93","153,23","151,00","20,72M","1,30%"
"25.07.2024","149,97","151,46","152,11","149,32","16,83M","-1,04%"
"24.07.2024","151,55","152,76","153,97","151,55","23,18M","-0,91%"
"23.07.2024","152,95","151,93","155,55","151,09","38,32M","0,80%"
"22.07.2024","151,74","153,88","154,34","151,28","21,05M","-1,09%"
"19.07.2024","153,41","154,44","155,46","152,67","20,44M","-0,72%"
"18.07.2024","154,53","155,37","156,76","154,16","27,45M","-0,06%"
"17.07.2024","154,62","155,09","155,65","153,41","19,11M","-0,12%"
"16.07.2024","154,81","157,04","157,88","154,62","20,81M","-1,13%"
"12.07.2024","156,58","159,27","159,46","156,39","18,70M","-1,29%"
"11.07.2024","158,62","157,13","159,09","157,04","16,35M","1,55%"
"10.07.2024","156,20","157,04","158,34","155,37","18,55M","-0,47%"
"09.07.2024","156,95","159,74","160,20","156,67","22,49M","-1,69%"
"08.07.2024","159,64","162,15","163,64","159,27","21,24M","-0,98%"
"05.07.2024","161,22","161,97","163,27","160,48","23,02M","-0,40%"
"04.07.2024","161,88","156,85","161,88","156,20","31,25M","3,45%"
"03.07.2024","156,48","153,32","156,95","153,32","27,00M","3,63%"
"02.07.2024","151,00","152,48","153,60","149,51","24,18M","-0,85%"
"01.07.2024","152,30","155,37","156,76","149,97","28,41M","-1,03%"
"28.06.2024","153,88","157,41","159,27","153,60","27,58M","-1,90%"
"27.06.2024","156,85","154,44","157,78","154,44","22,49M","2,00%"
"26.06.2024","153,79","157,97","159,36","153,79","18,05M","-2,65%"
"25.06.2024","157,97","159,83","160,11","157,41","17,19M","-0,99%"
"24.06.2024","159,55","158,99","160,11","158,16","22,14M","0,47%"
"21.06.2024","158,81","160,29","160,48","158,06","16,48M","-0,76%"
"20.06.2024","160,02","157,13","160,67","156,02","27,52M","3,05%"
"14.06.2024","155,27","156,85","157,13","154,44","22,65M","0,54%"
"13.06.2024","154,44","154,81","156,48","153,88","24,39M","1,28%"
"12.06.2024","152,48","149,70","154,16","149,32","37,40M","1,93%"
"11.06.2024","149,60","151,09","151,55","148,49","32,97M","-0,86%"
"10.06.2024","150,90","152,39","155,18","150,16","28,29M","-0,98%"
"07.06.2024","152,39","153,04","154,81","151,28","23,15M","0,18%"
"06.06.2024","152,11","156,58","158,62","152,11","28,56M","-2,04%"
"05.06.2024","155,27","157,32","158,71","154,44","37,92M","-0,95%"
"04.06.2024","156,76","161,97","162,99","156,76","28,85M","-3,05%"
"03.06.2024","161,69","166,43","168,48","161,41","32,73M","-1,58%"
"31.05.2024","164,29","170,52","173,22","164,29","32,14M","-3,39%"
"30.05.2024","170,06","173,40","174,33","169,87","18,77M","-1,56%"
"29.05.2024","172,75","174,33","175,64","165,69","14,69M","-0,91%"
"28.05.2024","174,33","176,38","176,47","173,59","12,64M","-0,95%"
"27.05.2024","176,01","177,77","178,80","175,26","15,78M","-0,53%"
"24.05.2024","176,94","178,89","180,38","175,82","15,67M","-1,04%"
"23.05.2024","178,80","172,94","180,38","172,94","48,58M","-1,33%"
"22.05.2024","181,21","181,31","182,42","178,89","27,93M","0,21%"
"21.05.2024","180,84","178,89","185,03","177,22","58,14M","1,35%"
"20.05.2024","178,43","175,91","180,01","174,06","46,95M","1,48%"
"17.05.2024","175,82","168,94","175,82","168,76","55,46M","4,59%"
"16.05.2024","168,10","169,41","169,78","166,90","25,63M","-0,39%"
"15.05.2024","168,76","170,71","171,36","168,48","19,89M","-1,14%"
"14.05.2024","170,71","172,20","173,13","170,62","22,56M","-0,65%"
"13.05.2024","171,82","174,61","177,68","171,82","21,15M","-1,28%"
"10.05.2024","174,06","176,10","177,59","174,06","18,87M","-1,00%"
"09.05.2024","175,82","179,54","180,56","174,89","22,21M","-1,87%"
"08.05.2024","179,17","185,03","185,31","178,89","17,70M","-2,82%"
"07.05.2024","184,38","186,70","187,63","180,66","25,36M","-1,10%"
"06.05.2024","186,42","187,17","188,56","184,93","13,63M","-0,40%"
"03.05.2024","187,17","189,68","189,77","185,68","12,68M","-1,32%"
"02.05.2024","189,68","182,98","189,68","182,70","33,01M","4,19%"
"30.04.2024","182,05","182,24","185,86","181,21","19,61M","-0,10%"
"29.04.2024","182,24","179,45","182,24","178,24","18,54M","2,03%"
"26.04.2024","178,61","176,94","180,84","176,19","20,16M","1,32%"
"25.04.2024","176,29","175,26","178,61","174,71","17,06M","0,96%"
"24.04.2024","174,61","176,94","178,33","173,59","18,47M","-0,37%"
"22.04.2024","175,26","177,68","180,10","174,89","20,90M","-0,74%"
"19.04.2024","176,57","172,47","177,96","170,24","32,12M","2,15%"
"18.04.2024","172,85","173,87","175,08","171,36","16,13M","-0,32%"
"17.04.2024","173,40","173,78","176,47","170,71","23,81M","0,27%"
"16.04.2024","172,94","169,69","175,82","168,76","29,00M","1,64%"
"15.04.2024","170,15","174,80","175,64","169,59","28,31M","-2,87%"
"09.04.2024","175,17","177,12","177,12","169,41","10,87M","2,89%"
"08.04.2024","170,24","167,08","170,52","165,22","25,78M","1,89%"
"05.04.2024","167,08","158,90","167,08","158,81","27,07M","5,77%"
"04.04.2024","157,97","151,46","158,90","150,90","23,03M","4,36%"
"03.04.2024","151,37","153,79","157,13","151,28","20,79M","-1,58%"
"02.04.2024","153,80","156,52","158,53","152,05","23,89M","-1,51%"
"01.04.2024","156,17","157,74","158,62","152,05","25,05M","0,85%"
"29.03.2024","154,85","154,77","157,30","152,40","17,10M","0,06%"
"28.03.2024","154,77","149,08","154,77","148,21","23,37M","4,24%"
"27.03.2024","148,47","148,38","150,22","146,28","17,25M","0,18%"
"26.03.2024","148,21","148,99","150,48","146,98","19,16M","-0,35%"
"25.03.2024","148,73","150,39","153,54","148,73","24,05M","-1,16%"
"22.03.2024","150,48","152,14","152,49","148,47","17,24M","-1,15%"
"21.03.2024","152,23","152,23","154,15","151,27","22,40M","1,28%"
"20.03.2024","150,31","151,71","154,24","149,17","22,79M","-1,09%"
"19.03.2024","151,97","144,27","152,23","144,18","29,60M","5,15%"
"18.03.2024","144,53","142,69","147,68","142,61","27,55M","1,35%"
"15.03.2024","142,61","145,06","145,93","141,03","17,48M","-1,45%"
"14.03.2024","144,71","143,13","145,41","142,96","18,14M","1,35%"
"13.03.2024","142,78","145,14","145,93","142,78","19,32M","-1,57%"
"12.03.2024","145,06","146,54","148,21","143,48","23,65M","-0,90%"
"11.03.2024","146,37","151,71","152,84","146,11","22,03M","-1,70%"
"08.03.2024","148,91","150,04","151,88","148,38","18,23M","-0,53%"
"07.03.2024","149,69","147,94","149,69","147,68","21,71M","1,24%"
"06.03.2024","147,86","144,62","149,26","143,13","41,55M","2,36%"
"05.03.2024","144,44","141,21","146,63","140,24","38,99M","2,29%"
"04.03.2024","141,21","145,84","146,98","141,21","22,19M","-2,06%"
"01.03.2024","144,18","141,91","144,79","141,21","23,88M","1,85%"
"29.02.2024","141,56","141,91","143,83","139,72","21,88M","0,19%"
"28.02.2024","141,29","140,24","143,83","138,93","26,61M","0,81%"
"27.02.2024","140,16","140,59","142,69","140,07","25,32M","-0,25%"
"26.02.2024","140,51","143,92","144,53","140,42","22,70M","-2,13%"
"23.02.2024","143,57","143,83","145,84","142,96","20,21M","0,06%"
"22.02.2024","143,48","145,32","146,11","142,96","24,78M","-0,73%"
"21.02.2024","144,53","150,13","150,22","143,13","31,68M","-3,56%"
"20.02.2024","149,87","151,71","153,63","148,56","30,29M","-0,98%"
"19.02.2024","151,36","148,47","154,42","148,38","50,10M","3,59%"
"16.02.2024","146,11","146,63","147,59","144,97","25,01M","-0,24%"
"15.02.2024","146,46","144,36","146,98","143,92","31,45M","1,70%"
"14.02.2024","144,01","140,77","144,09","140,68","38,00M","2,49%"
"13.02.2024","140,51","142,61","145,06","140,51","37,13M","-1,35%"
"12.02.2024","142,43","139,11","144,01","138,49","56,44M","3,23%"
"09.02.2024","137,97","138,76","138,93","136,66","25,53M","-0,06%"
"08.02.2024","138,06","135,34","139,46","135,26","39,58M","2,27%"
"07.02.2024","134,99","135,34","137,79","134,91","35,17M","-0,13%"
"06.02.2024","135,17","136,22","137,01","134,21","25,40M","-0,39%"
"05.02.2024","135,69","137,36","137,79","134,99","20,77M","-0,13%"
"02.02.2024","135,87","135,87","137,97","134,47","22,34M","0,39%"
"01.02.2024","135,34","131,58","136,22","131,58","30,38M","3,13%"
"31.01.2024","131,23","131,85","134,38","130,97","24,23M","-0,20%"
"30.01.2024","131,50","133,59","134,64","131,50","20,11M","-1,31%"
"29.01.2024","133,24","129,83","134,99","129,75","31,07M","3,18%"
"26.01.2024","129,13","127,03","129,31","126,16","20,73M","1,93%"
"25.01.2024","126,68","125,55","126,95","124,50","18,69M","1,61%"
"24.01.2024","124,67","122,83","125,46","122,31","14,29M","1,79%"
"23.01.2024","122,48","125,02","125,81","122,05","15,54M","-0,85%"
"22.01.2024","123,53","122,48","124,58","121,96","18,15M","1,36%"
"19.01.2024","121,87","122,57","122,66","121,26","16,49M","-0,43%"
"18.01.2024","122,40","125,11","125,37","122,40","14,07M","-1,55%"
"17.01.2024","124,32","124,67","125,72","123,45","17,27M","-0,77%"
"16.01.2024","125,28","123,71","125,90","123,71","24,45M","1,63%"
"15.01.2024","123,27","122,48","123,97","122,48","17,64M","0,86%"
"12.01.2024","122,22","121,96","124,41","121,52","20,43M","0,07%"
"11.01.2024","122,13","122,66","124,41","121,96","19,51M","-0,07%"
"10.01.2024","122,22","120,91","122,48","120,12","22,99M","1,16%"
"09.01.2024","120,82","122,66","123,97","120,47","18,40M","-1,36%"
"08.01.2024","122,48","120,30","122,83","119,95","37,18M","-2,64%"
"05.01.2024","125,81","125,98","126,25","123,97","10,85M","0,07%"
"04.01.2024","125,72","123,27","125,90","123,27","22,30M","2,28%"
"03.01.2024","122,92","125,81","125,90","122,48","22,43M","-2,43%"
"02.01.2024","125,98","125,98","127,47","125,20","17,31M","0,70%"
"29.12.2023","125,11","126,86","127,73","124,93","17,25M","-1,11%"
"28.12.2023","126,51","128,78","130,53","125,98","19,44M","-1,09%"
"27.12.2023","127,91","125,46","128,96","124,23","21,22M","1,88%"
"26.12.2023","125,55","122,13","127,38","122,13","23,59M","3,24%"
"25.12.2023","121,61","126,33","127,82","120,91","25,92M","-4,01%"
"22.12.2023","126,68","133,59","133,77","126,68","22,84M","-5,05%"
"21.12.2023","133,42","130,97","134,47","129,83","22,65M","1,87%"
"20.12.2023","130,97","128,70","130,97","128,35","21,76M","1,63%"
"19.12.2023","128,87","127,91","130,45","125,81","20,29M","0,68%"
"18.12.2023","128,00","131,67","131,76","127,47","13,27M","-3,24%"
"15.12.2023","132,28","132,63","133,68","130,88","17,69M","-0,33%"
"14.12.2023","132,72","127,65","133,33","126,77","23,83M","5,27%"
"13.12.2023","126,07","128,35","128,70","125,55","27,51M","-1,97%"
"12.12.2023","128,61","130,18","131,32","127,82","31,79M","-1,21%"
"11.12.2023","130,18","133,51","133,68","130,18","17,30M","-2,49%"
"08.12.2023","133,51","135,08","135,34","132,72","16,58M","-1,55%"
"07.12.2023","135,61","131,23","135,61","130,97","29,15M","3,40%"
"06.12.2023","131,15","135,61","135,69","131,06","17,89M","-3,17%"
"05.12.2023","135,43","135,17","136,04","134,21","15,23M","0,45%"
"04.12.2023","134,82","134,47","137,18","134,21","21,29M","0,52%"
"01.12.2023","134,12","135,61","136,31","133,16","23,38M","0,26%"
"30.11.2023","133,77","135,61","135,96","132,55","18,84M","-1,29%"
"29.11.2023","135,52","137,27","138,32","135,52","25,00M","-0,71%"
"28.11.2023","136,48","136,48","137,36","134,56","25,67M","0,00%"
"27.11.2023","136,48","131,93","136,92","131,93","25,69M","3,65%"
"24.11.2023","131,67","131,23","132,63","130,18","23,68M","0,40%"
"23.11.2023","131,15","136,13","137,09","131,15","30,33M","-3,66%"
"22.11.2023","136,13","135,26","138,32","134,73","39,78M","0,71%"
"21.11.2023","135,17","134,82","136,22","134,47","23,01M","0,59%"
"20.11.2023","134,38","135,34","137,18","134,03","23,08M","0,07%"
"17.11.2023","134,29","134,99","135,43","133,33","22,03M","-0,39%"
"16.11.2023","134,82","132,11","136,31","131,85","29,47M","1,58%"
"15.11.2023","132,72","133,86","134,73","131,67","20,40M","-0,33%"
"14.11.2023","133,16","128,96","133,16","127,91","27,94M","3,54%"
"13.11.2023","128,61","131,06","131,93","128,61","24,82M","-1,87%"
"10.11.2023","131,06","131,93","133,42","130,71","20,93M","-0,53%"
"09.11.2023","131,76","130,27","132,72","129,40","21,47M","0,20%"
"08.11.2023","131,50","130,88","132,37","129,83","31,73M","0,87%"
"07.11.2023","130,36","133,68","134,56","129,66","29,78M","-2,74%"
"06.11.2023","134,03","131,85","135,43","131,76","37,49M","2,41%"
"03.11.2023","130,88","129,05","132,28","128,35","47,26M","1,42%"
"02.11.2023","129,05","127,65","129,40","125,63","35,55M","1,72%"
"01.11.2023","126,86","124,93","127,91","123,10","47,05M","2,18%"
"31.10.2023","124,15","123,97","127,12","122,57","45,64M","0,35%"
"30.10.2023","123,71","121,08","125,46","120,47","39,37M","2,02%"
"27.10.2023","121,26","118,90","121,87","116,80","33,94M","1,99%"
"26.10.2023","118,90","116,27","121,26","114,43","54,12M","5,76%"
"25.10.2023","112,42","120,82","123,01","112,07","33,51M","-6,20%"
"24.10.2023","119,86","118,55","120,38","117,32","28,36M","1,26%"
"23.10.2023","118,37","114,61","118,98","113,91","34,74M","4,64%"
"20.10.2023","113,12","115,92","116,80","112,95","38,48M","-3,07%"
"19.10.2023","116,71","123,27","123,88","116,71","41,33M","-5,52%"
"18.10.2023","123,53","123,27","124,06","121,70","42,21M","-2,22%"
"17.10.2023","126,33","123,36","126,51","120,73","31,08M","2,78%"
"16.10.2023","122,92","129,31","131,23","122,92","34,58M","-4,10%"
"13.10.2023","128,17","128,26","130,18","126,95","31,51M","-0,48%"
"12.10.2023","128,78","127,38","130,53","124,23","44,46M","1,94%"
"11.10.2023","126,33","129,31","130,18","126,07","26,38M","-2,17%"
"10.10.2023","129,13","130,80","132,20","129,13","31,69M","-0,20%"
"09.10.2023","129,40","128,61","132,37","126,86","48,14M","0,14%"
"06.10.2023","129,22","130,36","131,93","128,96","27,83M","-2,25%"
"05.10.2023","132,20","129,57","133,51","126,95","47,96M","2,23%"
"04.10.2023","129,31","135,52","135,52","128,78","46,18M","-4,65%"
"03.10.2023","135,61","137,71","138,14","134,82","30,05M","-1,46%"
"02.10.2023","137,62","139,19","140,94","137,01","31,79M","-1,07%"
"29.09.2023","139,11","138,32","141,12","134,82","41,37M","1,61%"
"28.09.2023","136,90","136,73","139,48","134,98","39,18M","0,18%"
"27.09.2023","136,65","141,82","143,66","135,56","51,75M","-3,54%"
"26.09.2023","141,66","139,40","145,41","139,15","63,04M","2,23%"
"25.09.2023","138,57","131,30","139,65","131,30","60,01M","7,72%"
"22.09.2023","128,63","123,54","130,97","123,12","65,00M","4,26%"
"21.09.2023","123,37","117,28","123,37","115,78","52,22M","4,60%"
"20.09.2023","117,95","121,04","121,45","116,53","27,67M","-2,48%"
"19.09.2023","120,95","115,61","121,79","114,78","44,90M","4,62%"
"18.09.2023","115,61","117,70","119,03","113,77","31,21M","-2,12%"
"15.09.2023","118,12","120,62","121,12","117,45","29,48M","-2,08%"
"14.09.2023","120,62","117,78","120,62","114,69","39,17M","2,48%"
"13.09.2023","117,70","119,28","120,87","116,86","26,30M","-0,98%"
"12.09.2023","118,87","117,11","120,95","116,36","34,95M","1,57%"
"11.09.2023","117,03","120,45","121,12","116,11","22,96M","-2,50%"
"08.09.2023","120,04","120,87","122,21","120,04","23,31M","-0,69%"
"07.09.2023","120,87","120,20","121,37","119,20","25,82M","0,56%"
"06.09.2023","120,20","123,71","124,04","119,70","31,59M","-1,91%"
"05.09.2023","122,54","121,04","122,54","118,78","31,44M","1,31%"
"04.09.2023","120,95","120,37","124,46","119,79","58,18M","1,54%"
"01.09.2023","119,12","119,53","120,70","118,03","45,08M","1,13%"
"31.08.2023","117,78","119,37","121,54","117,78","48,24M","-0,77%"
"29.08.2023","118,70","121,87","123,46","117,53","55,03M","-3,13%"
"28.08.2023","122,54","113,27","122,54","113,27","68,56M","9,96%"
"25.08.2023","111,44","106,43","111,69","103,51","52,47M","5,12%"
"24.08.2023","106,01","109,10","113,11","105,09","69,07M","-1,93%"
"23.08.2023","108,10","116,70","116,78","107,68","76,48M","-6,83%"
"22.08.2023","116,03","117,36","124,79","116,03","95,81M","-0,50%"
"21.08.2023","116,61","106,35","116,61","106,35","80,57M","10,00%"
"18.08.2023","106,01","104,68","111,02","103,93","95,84M","3,25%"
"17.08.2023","102,67","99,50","102,92","98,67","50,37M","3,19%"
"16.08.2023","99,50","95,49","101,25","94,66","72,19M","4,20%"
"15.08.2023","95,49","95,99","96,66","93,41","39,73M","-0,52%"
"14.08.2023","95,99","93,07","97,25","93,07","58,65M","3,60%"
"11.08.2023","92,66","87,56","92,91","85,89","51,20M","5,92%"
"10.08.2023","87,48","89,32","91,24","86,48","52,38M","-2,06%"
"09.08.2023","89,32","85,23","89,65","84,31","53,73M","5,11%"
"08.08.2023","84,98","87,31","87,40","84,56","23,35M","-2,21%"
"07.08.2023","86,90","86,90","88,90","86,40","32,82M","0,39%"
"04.08.2023","86,56","83,39","86,98","82,43","39,05M","4,22%"
"03.08.2023","83,06","85,23","85,89","82,76","28,62M","-2,26%"
"02.08.2023","84,98","84,56","86,06","84,48","26,42M","0,49%"
"01.08.2023","84,56","86,40","86,98","83,97","40,85M","-2,03%"
"31.07.2023","86,31","83,47","87,40","83,47","43,99M","4,55%"
"28.07.2023","82,56","81,22","83,06","80,55","44,50M","2,43%"
"27.07.2023","80,59","78,63","80,59","78,30","52,21M","3,48%"
"26.07.2023","77,88","78,30","78,72","76,63","41,48M","-0,16%"
"25.07.2023","78,01","76,80","78,72","76,38","59,73M","1,74%"
"24.07.2023","76,67","76,92","79,09","75,79","60,37M","0,49%"
"21.07.2023","76,30","76,38","77,80","75,34","51,29M","0,44%"
"20.07.2023","75,96","75,13","75,96","73,96","41,04M","1,73%"
"19.07.2023","74,67","72,20","74,67","70,95","23,65M","3,41%"
"18.07.2023","72,20","75,21","75,59","72,08","29,88M","-4,00%"
"17.07.2023","75,21","74,71","76,42","74,63","32,76M","1,69%"
"14.07.2023","73,96","74,79","75,00","72,96","27,11M","-0,51%"
"13.07.2023","74,33","75,46","76,88","74,12","38,67M","-1,71%"
"12.07.2023","75,63","75,75","76,17","74,71","27,08M","-0,06%"
"11.07.2023","75,67","76,21","76,84","74,50","29,80M","0,11%"
"10.07.2023","75,59","76,38","78,13","74,79","36,85M","-0,28%"
"07.07.2023","75,79","73,50","76,21","73,16","40,85M","3,12%"
"06.07.2023","73,50","70,70","74,17","70,70","54,87M","4,02%"
"05.07.2023","70,66","70,12","71,20","68,11","43,07M","0,77%"
"04.07.2023","70,12","71,33","71,54","69,70","32,42M","-1,18%"
"03.07.2023","70,95","67,28","71,20","67,28","51,18M","7,19%"
"27.06.2023","66,19","66,07","66,49","65,69","10,09M","0,38%"
"26.06.2023","65,94","65,03","66,74","64,86","36,87M","2,93%"
"23.06.2023","64,07","63,19","64,40","62,69","32,46M","2,13%"
"22.06.2023","62,73","60,39","63,02","59,77","38,45M","3,87%"
"21.06.2023","60,39","61,19","62,02","59,98","20,62M","-0,89%"
"20.06.2023","60,94","59,93","61,90","59,60","25,85M","1,53%"
"19.06.2023","60,02","60,98","61,94","59,93","25,30M","-1,57%"
"16.06.2023","60,98","62,31","63,27","60,98","24,60M","-1,81%"
"15.06.2023","62,10","60,64","62,10","60,27","24,29M","3,33%"
"14.06.2023","60,10","61,77","62,61","59,77","24,68M","-2,70%"
"13.06.2023","61,77","64,69","64,90","61,48","27,85M","-4,15%"
"12.06.2023","64,44","65,19","66,03","64,23","32,63M","-0,39%"
"09.06.2023","64,69","65,11","65,44","63,90","27,76M","-0,19%"
"08.06.2023","64,82","64,57","65,69","63,19","34,93M","0,26%"
"07.06.2023","64,65","62,61","65,44","62,40","47,02M","5,66%"
"06.06.2023","61,19","61,14","61,98","59,98","33,64M","0,27%"
"05.06.2023","61,02","59,27","62,02","58,89","47,68M","4,95%"
"02.06.2023","58,14","57,93","58,52","57,05","27,15M","2,96%"
"01.06.2023","56,47","56,51","57,39","56,22","17,74M","0,97%"
"31.05.2023","55,93","58,18","58,68","55,93","31,13M","-3,60%"
"30.05.2023","58,01","57,68","58,97","57,51","28,20M","1,91%"
"29.05.2023","56,93","55,47","57,85","55,13","21,29M","3,81%"
"26.05.2023","54,84","53,47","55,34","53,01","18,08M","2,82%"
"25.05.2023","53,34","53,84","54,26","53,09","11,46M","-0,78%"
"24.05.2023","53,76","54,93","55,64","53,38","13,36M","-1,83%"
"23.05.2023","54,76","53,42","54,84","52,76","16,37M","2,50%"
"22.05.2023","53,42","54,93","55,09","52,84","17,27M","-2,36%"
"18.05.2023","54,72","56,85","57,14","54,34","14,91M","-3,74%"
"17.05.2023","56,85","55,68","57,35","55,47","21,79M","2,25%"
"16.05.2023","55,59","53,67","55,59","53,59","24,04M","3,74%"
"15.05.2023","53,59","54,26","57,64","53,34","34,86M","-9,58%"
"12.05.2023","59,27","59,89","62,77","58,18","44,79M","-0,70%"
"11.05.2023","59,68","54,17","59,68","54,13","54,58M","10,00%"
"10.05.2023","54,26","54,51","55,47","54,01","19,60M","-0,31%"
"09.05.2023","54,42","55,72","56,26","54,09","22,39M","-2,32%"
"08.05.2023","55,72","54,38","56,39","53,51","19,43M","2,85%"
"05.05.2023","54,17","55,84","56,14","53,38","19,56M","-2,77%"
"04.05.2023","55,72","57,35","58,64","55,09","32,16M","-3,26%"
"03.05.2023","57,60","54,47","57,60","53,63","38,03M","5,59%"
"02.05.2023","54,55","55,43","56,55","54,09","24,24M","-1,43%"
"28.04.2023","55,34","58,39","59,22","54,68","24,59M","-4,26%"
"27.04.2023","57,81","57,93","58,60","57,35","17,67M","-0,22%"
"26.04.2023","57,93","59,64","60,89","57,39","21,73M","-3,61%"
"25.04.2023","60,10","61,44","61,81","59,68","14,43M","-2,11%"
"24.04.2023","61,40","62,06","62,65","60,73","14,29M","-0,47%"
"20.04.2023","61,69","62,86","62,86","61,56","5,58M","-1,92%"
"19.04.2023","62,90","61,40","63,27","61,35","18,71M","2,59%"
"18.04.2023","61,31","62,31","63,31","61,10","16,76M","-1,48%"
"17.04.2023","62,23","64,02","64,15","62,06","16,17M","-2,55%"
"14.04.2023","63,86","64,94","65,65","63,86","13,49M","-1,54%"
"13.04.2023","64,86","65,28","66,07","64,86","17,67M","-0,51%"
"12.04.2023","65,19","65,36","66,03","65,19","16,92M","-0,26%"
"11.04.2023","65,36","66,11","66,78","64,73","18,01M","-0,63%"
"10.04.2023","65,78","64,27","65,90","64,27","16,04M","2,67%"
"07.04.2023","64,07","64,82","65,53","63,86","18,28M","-1,10%"
"06.04.2023","64,78","66,32","67,07","64,44","24,19M","-2,33%"
"05.04.2023","66,32","68,62","69,99","66,15","26,69M","-3,17%"
"04.04.2023","68,49","66,36","70,24","66,28","35,90M","1,76%"
"03.04.2023","67,30","64,69","67,89","63,62","50,74M","6,47%"
"31.03.2023","63,21","64,25","65,15","62,94","32,86M","-1,65%"
"30.03.2023","64,27","64,04","65,61","63,32","28,26M","0,47%"
"29.03.2023","63,98","61,11","64,35","60,48","34,13M","4,70%"
"28.03.2023","61,10","62,61","63,11","61,10","28,56M","-2,20%"
"27.03.2023","62,47","64,01","64,22","62,47","16,44M","-1,85%"
"24.03.2023","63,65","65,19","65,59","63,39","20,35M","-2,36%"
"23.03.2023","65,19","65,19","65,75","64,43","18,51M","-0,33%"
"22.03.2023","65,41","63,56","65,65","63,20","26,00M","3,28%"
"21.03.2023","63,33","63,62","64,62","62,66","29,03M","-0,41%"
"20.03.2023","63,60","66,17","66,18","63,44","30,97M","-3,96%"
"17.03.2023","66,22","69,07","69,28","66,22","29,16M","-3,46%"
"16.03.2023","68,59","68,13","68,87","66,90","34,47M","1,46%"
"15.03.2023","67,60","66,30","70,26","66,30","56,48M","2,11%"
"14.03.2023","66,21","68,50","68,70","66,21","25,73M","-3,28%"
"13.03.2023","68,45","69,68","70,03","67,82","25,08M","-1,75%"
"10.03.2023","69,66","71,76","72,63","69,40","33,44M","-1,58%"
"09.03.2023","70,78","71,47","71,97","70,73","28,93M","-0,78%"
"08.03.2023","71,34","71,45","71,88","70,84","31,42M","-0,29%"
"07.03.2023","71,55","69,34","71,67","69,32","50,96M","3,78%"
"06.03.2023","68,95","68,13","70,29","67,47","52,61M","1,95%"
"03.03.2023","67,63","66,75","68,30","65,21","51,84M","1,31%"
"02.03.2023","66,75","66,57","67,92","66,49","27,84M","0,47%"
"01.03.2023","66,44","65,91","66,93","65,91","30,95M","1,13%"
"28.02.2023","65,70","66,76","67,92","65,27","40,04M","-1,15%"
"27.02.2023","66,46","66,42","66,77","64,27","39,99M","0,07%"
"24.02.2023","66,42","65,02","66,83","64,80","45,43M","2,23%"
"23.02.2023","64,97","65,13","66,18","64,46","27,23M","-0,09%"
"22.02.2023","65,02","66,85","67,06","64,91","33,44M","-2,81%"
"21.02.2023","66,91","68,00","68,67","66,91","42,24M","-2,00%"
"20.02.2023","68,27","69,13","69,73","67,44","40,04M","-1,23%"
"17.02.2023","69,12","68,68","70,46","67,79","45,57M","-1,02%"
"16.02.2023","69,83","70,04","70,04","67,85","76,33M","9,65%"
"15.02.2023","63,68","63,68","63,68","63,68","4,08M","9,99%"
"07.02.2023","57,90","63,87","63,87","57,72","43,69M","-9,71%"
"06.02.2023","64,13","64,25","66,13","61,92","14,83M","-3,36%"
"03.02.2023","66,35","61,26","66,41","60,96","49,81M","8,57%"
"02.02.2023","61,11","62,37","64,18","56,95","98,56M","-1,95%"
"01.02.2023","62,33","65,70","66,62","62,33","51,91M","-4,85%"
"31.01.2023","65,51","66,83","67,74","65,25","62,12M","-2,13%"
"30.01.2023","66,94","70,32","70,84","66,92","52,88M","-4,79%"
"27.01.2023","70,31","67,79","70,55","66,45","90,85M","3,17%"
"26.01.2023","68,15","69,59","69,62","67,90","39,35M","-1,88%"
"25.01.2023","69,46","69,79","70,22","66,53","75,85M","0,79%"
"24.01.2023","68,91","67,74","69,41","67,13","68,27M","2,07%"
"23.01.2023","67,52","66,57","69,57","66,57","63,34M","2,32%"
"20.01.2023","65,99","65,02","66,63","64,82","42,36M","1,99%"
"19.01.2023","64,70","64,87","65,77","64,08","45,62M","-0,32%"
"18.01.2023","64,91","63,25","65,71","63,14","62,19M","2,88%"
"17.01.2023","63,10","59,93","63,51","59,55","78,75M","5,42%"
"16.01.2023","59,85","56,76","59,87","56,00","60,45M","5,90%"
"13.01.2023","56,52","56,93","57,92","56,05","48,59M","-0,76%"
"12.01.2023","56,95","54,27","57,20","52,07","71,93M","8,69%"
"11.01.2023","52,40","52,89","54,63","52,26","65,98M","-0,48%"
"10.01.2023","52,65","55,17","55,18","52,41","40,77M","-5,09%"
"09.01.2023","55,48","56,83","57,08","54,84","47,55M","-1,48%"
"06.01.2023","56,31","54,05","56,94","53,19","59,13M","4,12%"
"05.01.2023","54,08","57,02","57,20","54,08","51,68M","-4,74%"
"04.01.2023","56,77","58,16","58,46","56,35","46,87M","-2,29%"
"03.01.2023","58,10","59,82","60,65","58,10","60,28M","-1,93%"
"02.01.2023","59,24","59,15","59,76","58,59","46,62M","0,92%"
"30.12.2022","58,70","56,72","60,02","56,72","72,91M","4,62%"
"29.12.2022","56,11","56,17","56,66","55,62","34,21M","-0,12%"
"28.12.2022","56,17","56,27","56,89","55,03","46,13M","0,16%"
"27.12.2022","56,08","55,39","57,02","55,38","38,11M","-0,49%"
"26.12.2022","56,36","56,23","57,16","55,97","50,48M","3,63%"
"23.12.2022","54,39","52,65","54,71","52,09","46,57M","3,35%"
"22.12.2022","52,63","53,06","53,67","52,40","30,50M","-0,48%"
"21.12.2022","52,88","53,50","53,81","52,67","41,92M","0,89%"
"20.12.2022","52,42","52,12","52,75","51,53","48,62M","0,90%"
"19.12.2022","51,95","50,36","52,10","50,36","45,71M","3,95%"
"16.12.2022","49,98","50,68","51,10","49,90","34,39M","-1,36%"
"15.12.2022","50,67","50,97","51,80","49,29","41,81M","1,17%"
"14.12.2022","50,08","52,67","52,92","50,05","49,78M","-4,03%"
"13.12.2022","52,19","51,23","52,51","51,19","42,73M","3,77%"
"12.12.2022","50,29","48,52","50,86","48,35","60,49M","3,80%"
"09.12.2022","48,45","48,50","48,80","47,74","65,17M","0,09%"
"08.12.2022","48,41","50,98","51,33","47,33","88,93M","-5,00%"
"07.12.2022","50,96","53,48","53,50","50,81","46,39M","-4,64%"
"06.12.2022","53,44","53,05","54,02","53,05","49,89M","1,94%"
"05.12.2022","52,42","53,61","54,17","52,36","47,61M","-1,64%"
"02.12.2022","53,29","53,84","54,15","52,91","39,87M","-0,80%"
"01.12.2022","53,73","53,78","54,56","53,36","53,91M","0,77%"
"30.11.2022","53,32","53,73","54,00","53,12","52,15M","-0,76%"
"29.11.2022","53,73","52,56","53,76","51,70","52,65M","3,02%"
"28.11.2022","52,15","52,52","53,54","52,15","47,31M","-0,61%"
"25.11.2022","52,47","51,81","52,75","51,60","38,85M","1,28%"
"24.11.2022","51,81","52,43","53,05","51,01","46,17M","-0,72%"
"23.11.2022","52,19","52,33","53,48","51,57","56,78M","0,02%"
"22.11.2022","52,17","49,29","52,31","49,22","68,75M","8,83%"
"21.11.2022","47,94","47,22","48,44","47,22","40,57M","1,69%"
"18.11.2022","47,15","46,67","48,30","46,65","39,88M","1,33%"
"17.11.2022","46,52","47,71","47,79","45,67","46,42M","-1,96%"
"16.11.2022","47,46","48,50","48,85","47,38","51,24M","-2,08%"
"15.11.2022","48,46","48,74","49,11","47,87","57,32M","1,84%"
"14.11.2022","47,59","47,63","48,12","47,23","35,80M","-0,16%"
"11.11.2022","47,67","48,80","49,05","47,19","57,76M","-0,78%"
"10.11.2022","48,04","47,71","48,60","47,29","48,01M","0,67%"
"09.11.2022","47,72","48,97","49,39","47,61","48,04M","-2,53%"
"08.11.2022","48,96","49,90","50,85","48,72","73,83M","-1,34%"
"07.11.2022","49,63","47,93","50,09","47,10","86,24M","4,62%"
"04.11.2022","47,43","45,35","48,01","45,21","70,64M","5,08%"
"03.11.2022","45,14","45,97","46,28","44,49","91,81M","3,16%"
"02.11.2022","43,76","43,48","44,25","43,31","48,36M","1,28%"
"01.11.2022","43,20","42,33","43,39","42,26","44,92M","2,90%"
"31.10.2022","41,98","40,99","42,16","40,66","43,56M","3,67%"
"28.10.2022","40,50","41,21","41,30","40,08","24,22M","-1,93%"
"27.10.2022","41,30","41,04","41,75","40,47","51,87M","1,33%"
"26.10.2022","40,75","41,74","42,12","40,54","51,65M","-1,76%"
"25.10.2022","41,48","42,12","42,58","41,48","39,14M","-1,76%"
"24.10.2022","42,23","42,70","43,00","41,82","48,78M","0,32%"
"21.10.2022","42,09","40,99","42,50","40,95","61,82M","3,20%"
"20.10.2022","40,79","40,10","41,21","39,81","78,99M","2,28%"
"19.10.2022","39,88","39,82","40,69","39,40","70,52M","0,33%"
"18.10.2022","39,75","40,76","41,41","39,17","67,33M","-1,83%"
"17.10.2022","40,49","38,05","40,49","38,01","72,40M","9,40%"
"14.10.2022","37,01","37,23","37,60","36,83","35,93M","1,06%"
"13.10.2022","36,62","37,33","37,51","36,38","30,90M","-1,90%"
"12.10.2022","37,33","38,06","38,17","37,11","26,27M","-1,89%"
"11.10.2022","38,05","38,22","38,59","37,73","22,67M","-0,43%"
"10.10.2022","38,22","38,66","38,99","38,17","21,05M","-0,40%"
"07.10.2022","38,37","38,44","38,79","38,10","23,42M","-0,17%"
"06.10.2022","38,44","38,33","39,16","38,26","38,15M","2,21%"
"05.10.2022","37,61","37,16","38,15","36,44","57,37M","1,19%"
"04.10.2022","37,16","36,22","37,80","36,09","44,22M","5,34%"
"03.10.2022","35,28","32,78","35,28","32,74","51,59M","9,98%"
"30.09.2022","32,08","32,86","33,13","31,84","35,66M","-2,00%"
"29.09.2022","32,73","32,80","33,63","31,71","43,23M","0,34%"
"28.09.2022","32,62","32,51","33,46","32,43","35,97M","-0,17%"
"27.09.2022","32,68","33,53","33,79","32,59","31,50M","-1,90%"
"26.09.2022","33,31","34,03","34,14","32,41","34,41M","-2,18%"
"23.09.2022","34,05","35,28","35,41","33,95","25,36M","-3,45%"
"22.09.2022","35,27","33,93","35,68","33,76","37,45M","3,95%"
"21.09.2022","33,93","34,23","35,33","33,73","32,87M","-0,07%"
"20.09.2022","33,95","34,62","35,54","33,48","40,43M","-1,61%"
"19.09.2022","34,51","37,00","37,24","34,51","23,85M","-6,40%"
"16.09.2022","36,87","37,22","38,00","36,87","29,76M","-0,66%"
"15.09.2022","37,11","37,83","38,70","37,11","35,54M","-1,67%"
"14.09.2022","37,74","36,50","37,77","35,15","35,30M","3,43%"
"13.09.2022","36,49","37,91","38,38","36,40","58,90M","-2,28%"
"12.09.2022","37,34","37,34","37,87","36,97","49,33M","0,54%"
"09.09.2022","37,14","37,50","37,92","37,05","30,93M","-0,06%"
"08.09.2022","37,16","37,81","38,41","37,02","40,88M","-0,94%"
"07.09.2022","37,52","37,19","37,75","36,37","42,17M","0,86%"
"06.09.2022","37,20","37,66","38,47","37,11","54,13M","-0,50%"
"05.09.2022","37,39","37,44","37,97","37,06","50,83M","0,21%"
"02.09.2022","37,31","37,80","38,39","37,29","34,76M","-0,62%"
"01.09.2022","37,54","39,48","39,48","37,54","45,94M","-5,68%"
"31.08.2022","39,80","40,21","40,32","39,21","38,74M","-0,50%"
"29.08.2022","40,00","37,88","40,29","37,72","43,69M","5,06%"
"26.08.2022","38,07","38,76","39,18","37,70","35,03M","-1,41%"
"25.08.2022","38,62","38,05","38,97","37,84","33,60M","2,23%"
"24.08.2022","37,77","37,94","38,73","37,42","41,89M","0,03%"
"23.08.2022","37,76","35,80","37,82","35,77","45,03M","5,48%"
"22.08.2022","35,80","35,48","36,71","35,13","45,83M","-1,13%"
"19.08.2022","36,21","36,46","37,70","36,11","62,91M","-0,64%"
"18.08.2022","36,44","33,89","36,60","33,75","68,94M","7,69%"
"17.08.2022","33,84","33,38","33,97","32,97","53,17M","1,87%"
"16.08.2022","33,22","33,23","33,45","31,96","111,10M","4,31%"
"15.08.2022","31,85","32,79","32,90","31,36","27,12M","-2,08%"
"12.08.2022","32,52","32,63","32,79","32,26","25,37M","0,55%"
"11.08.2022","32,35","31,80","33,04","31,79","41,75M","2,71%"
"10.08.2022","31,49","31,57","31,81","31,34","23,60M","-0,14%"
"09.08.2022","31,54","30,37","31,57","30,29","46,80M","4,10%"
"08.08.2022","30,30","30,03","30,45","29,99","26,54M","1,67%"
"05.08.2022","29,80","30,08","30,16","29,43","23,50M","-0,52%"
"04.08.2022","29,95","30,46","30,67","29,95","24,99M","-0,95%"
"03.08.2022","30,24","30,24","30,44","30,08","18,69M","0,81%"
"02.08.2022","30,00","30,30","30,55","29,74","27,35M","-0,81%"
"01.08.2022","30,24","29,76","30,46","29,58","29,95M","1,71%"
"29.07.2022","29,73","28,52","29,73","28,36","33,81M","4,31%"
"28.07.2022","28,50","28,80","29,17","28,47","24,77M","-0,04%"
"27.07.2022","28,51","28,73","28,86","28,28","18,60M","-0,16%"
"26.07.2022","28,56","28,37","29,32","28,36","21,30M","1,90%"
"25.07.2022","28,03","27,42","28,06","27,38","12,75M","1,98%"
"22.07.2022","27,48","27,91","28,17","27,33","18,29M","-0,40%"
"21.07.2022","27,59","28,25","28,36","27,51","22,41M","-2,12%"
"20.07.2022","28,19","27,11","28,19","26,87","24,61M","4,05%"
"19.07.2022","27,10","26,81","27,74","26,65","27,70M","0,45%"
"18.07.2022","26,97","25,92","26,97","25,83","25,91M","6,89%"
"14.07.2022","25,23","25,84","26,07","25,22","18,47M","-2,32%"
"13.07.2022","25,83","26,57","26,57","25,59","23,38M","-4,07%"
"08.07.2022","26,93","27,00","27,28","26,84","6,83M","-0,61%"
"07.07.2022","27,10","27,25","27,36","26,40","36,19M","-0,08%"
"06.07.2022","27,12","28,27","28,34","26,87","35,04M","-4,08%"
"05.07.2022","28,27","29,38","29,53","28,05","18,21M","-3,52%"
"04.07.2022","29,30","29,91","30,43","29,29","26,27M","-1,49%"
"01.07.2022","29,74","29,30","30,35","29,18","27,96M","1,51%"
"30.06.2022","29,30","29,07","29,54","28,51","30,55M","0,84%"
"29.06.2022","29,06","29,43","30,08","28,85","24,57M","-1,83%"
"28.06.2022","29,60","30,45","30,89","29,23","28,77M","-2,09%"
"27.06.2022","30,23","28,76","30,27","28,63","25,76M","2,25%"
"24.06.2022","29,57","29,64","29,94","29,30","17,39M","0,11%"
"23.06.2022","29,53","29,53","30,17","29,35","24,47M","0,04%"
"22.06.2022","29,52","29,34","29,63","28,96","19,16M","-0,30%"
"21.06.2022","29,61","29,09","29,80","28,87","22,49M","2,65%"
"20.06.2022","28,85","29,84","30,00","28,48","33,73M","-2,98%"
"17.06.2022","29,73","29,23","30,12","29,17","20,79M","1,74%"
"16.06.2022","29,22","29,67","29,94","28,88","16,00M","-1,35%"
"15.06.2022","29,62","29,95","30,09","29,53","13,42M","-1,11%"
"14.06.2022","29,95","30,27","30,32","29,24","18,13M","-0,44%"
"13.06.2022","30,09","29,73","30,34","29,63","17,71M","0,97%"
"10.06.2022","29,80","30,57","30,96","29,74","18,08M","-3,48%"
"09.06.2022","30,87","30,10","30,87","29,96","26,44M","2,77%"
"08.06.2022","30,04","31,91","32,63","29,91","29,99M","-5,31%"
"07.06.2022","31,73","31,29","31,74","30,86","21,62M","1,74%"
"06.06.2022","31,18","30,57","31,52","30,57","25,77M","2,62%"
"03.06.2022","30,39","30,13","30,63","30,10","27,91M","1,22%"
"02.06.2022","30,02","30,13","30,21","29,72","24,24M","-0,15%"
"01.06.2022","30,06","30,35","30,74","29,96","30,07M","0,11%"
"31.05.2022","30,03","29,69","31,02","29,64","81,19M","4,67%"
"30.05.2022","28,69","28,09","28,90","28,09","28,97M","3,43%"
"27.05.2022","27,74","28,19","28,38","27,72","20,26M","-1,84%"
"26.05.2022","28,26","27,63","28,58","27,41","26,99M","2,29%"
"25.05.2022","27,63","27,15","27,73","27,15","17,29M","2,05%"
"24.05.2022","27,07","27,55","27,78","27,03","16,72M","-1,69%"
"23.05.2022","27,54","27,69","27,73","26,81","23,33M","0,24%"
"20.05.2022","27,47","27,66","28,01","27,47","16,90M","-1,20%"
"18.05.2022","27,80","28,47","28,67","27,80","21,85M","-2,33%"
"17.05.2022","28,47","28,63","28,87","28,29","25,71M","0,12%"
"16.05.2022","28,44","28,47","29,02","28,42","32,12M","0,20%"
"13.05.2022","28,38","28,15","28,57","27,98","34,65M","1,55%"
"12.05.2022","27,95","27,58","28,23","27,14","56,21M","0,20%"
"11.05.2022","27,89","27,31","27,91","26,98","54,67M","2,57%"
"10.05.2022","27,19","27,31","27,85","26,98","38,96M","0,08%"
"09.05.2022","27,17","27,90","28,07","26,93","59,96M","-3,88%"
"06.05.2022","28,27","26,95","28,27","26,86","55,19M","4,04%"
"05.05.2022","27,17","26,96","27,69","26,86","40,53M","4,74%"
"29.04.2022","25,94","26,51","26,64","25,81","42,38M","-1,60%"
"28.04.2022","26,36","27,26","27,59","26,36","29,20M","-3,05%"
"27.04.2022","27,19","27,14","27,38","26,65","36,29M","0,20%"
"26.04.2022","27,14","28,69","28,69","26,86","51,89M","-5,55%"
"25.04.2022","28,73","27,91","28,95","27,60","38,46M","2,13%"
"22.04.2022","28,14","28,65","28,98","27,76","48,28M","-1,36%"
"21.04.2022","28,52","28,19","28,67","28,19","29,70M","1,18%"
"20.04.2022","28,19","28,41","28,69","28,03","42,48M","-0,51%"
"19.04.2022","28,34","27,95","28,56","27,94","60,25M","1,71%"
"18.04.2022","27,86","28,81","29,04","27,79","49,61M","-3,16%"
"15.04.2022","28,77","28,75","29,12","28,69","18,96M","0,19%"
"14.04.2022","28,71","28,69","28,96","28,18","31,66M","1,17%"
"13.04.2022","28,38","28,47","29,24","28,35","51,25M","1,14%"
"12.04.2022","28,06","27,36","28,18","27,19","49,74M","2,68%"
"11.04.2022","27,33","27,05","27,34","26,65","37,26M","1,02%"
"08.04.2022","27,05","26,61","27,16","26,59","33,70M","2,43%"
"07.04.2022","26,41","26,81","26,91","26,34","35,31M","-0,96%"
"06.04.2022","26,66","26,62","27,46","26,56","45,76M","-0,12%"
"05.04.2022","26,70","26,92","27,39","26,40","50,93M","-0,37%"
"04.04.2022","26,80","25,70","26,86","25,52","59,79M","6,38%"
"01.04.2022","25,19","23,75","25,48","23,43","68,44M","6,06%"
"31.03.2022","23,75","22,83","23,85","22,82","44,74M","3,88%"
"30.03.2022","22,86","23,01","23,07","22,82","19,01M","0,00%"
"29.03.2022","22,86","22,83","23,30","22,56","48,40M","0,54%"
"28.03.2022","22,74","22,85","23,20","22,52","20,70M","-0,48%"
"25.03.2022","22,85","22,82","23,13","22,75","16,95M","0,49%"
"24.03.2022","22,74","22,84","23,30","22,74","35,22M","-0,19%"
"23.03.2022","22,79","22,97","23,21","22,68","29,30M","-0,44%"
"22.03.2022","22,89","22,62","23,07","22,51","37,70M","1,32%"
"21.03.2022","22,59","22,10","22,65","22,08","31,74M","4,03%"
"18.03.2022","21,71","22,18","22,24","21,71","21,92M","-1,16%"
"17.03.2022","21,97","21,36","22,21","21,36","48,39M","3,28%"
"16.03.2022","21,27","21,71","21,82","21,17","29,66M","-1,03%"
"15.03.2022","21,49","22,15","22,34","21,49","34,69M","-4,34%"
"14.03.2022","22,46","22,73","22,79","22,46","16,80M","-1,02%"
"11.03.2022","22,70","22,71","22,83","22,15","41,30M","-0,49%"
"10.03.2022","22,81","21,67","22,89","21,46","80,41M","5,05%"
"09.03.2022","21,71","21,98","22,22","21,69","39,36M","0,20%"
"08.03.2022","21,67","21,49","21,79","21,43","36,00M","1,29%"
"07.03.2022","21,39","21,93","22,48","21,39","39,78M","-1,23%"
"04.03.2022","21,66","21,73","22,02","21,57","32,92M","-0,56%"
"03.03.2022","21,78","21,67","22,07","21,06","47,37M","2,24%"
"02.03.2022","21,30","21,50","22,21","21,19","44,39M","-0,41%"
"01.03.2022","21,39","21,47","21,67","20,99","32,13M","0,10%"
"28.02.2022","21,37","19,71","21,49","19,42","62,38M","7,23%"
"25.02.2022","19,93","18,94","20,12","18,83","32,17M","7,79%"
"24.02.2022","18,49","18,91","19,16","18,34","28,35M","-9,24%"
"23.02.2022","20,37","20,54","20,68","20,26","22,32M","-0,11%"
"22.02.2022","20,39","20,66","20,97","20,26","37,24M","-2,80%"
"21.02.2022","20,98","21,53","21,79","20,78","29,11M","-1,51%"
"18.02.2022","21,30","21,28","21,51","21,01","26,47M","0,68%"
"17.02.2022","21,16","21,89","21,97","21,11","52,07M","-2,35%"
"16.02.2022","21,67","21,69","22,02","21,37","38,48M","0,46%"
"15.02.2022","21,57","21,51","21,92","21,50","32,94M","0,46%"
"14.02.2022","21,47","21,60","21,99","21,08","54,42M","-1,97%"
"11.02.2022","21,90","20,88","21,90","20,86","57,15M","4,05%"
"10.02.2022","21,05","20,66","21,16","20,48","38,16M","1,88%"
"09.02.2022","20,66","20,44","21,12","20,23","50,86M","1,52%"
"08.02.2022","20,35","19,11","20,49","19,01","55,43M","7,11%"
"07.02.2022","19,00","18,36","19,00","17,95","34,09M","3,63%"
"04.02.2022","18,33","18,72","18,96","18,33","22,48M","-1,14%"
"03.02.2022","18,54","18,72","19,16","18,39","17,23M","-1,24%"
"02.02.2022","18,78","18,83","19,20","18,75","21,73M","0,18%"
"01.02.2022","18,74","19,05","19,22","18,59","16,39M","-1,17%"
"31.01.2022","18,96","19,02","19,23","18,86","21,53M","1,48%"
"28.01.2022","18,69","19,11","19,39","18,52","24,74M","-2,03%"
"27.01.2022","19,08","18,06","19,13","18,00","24,12M","3,11%"
"26.01.2022","18,50","18,61","18,93","18,45","25,03M","-0,60%"
"25.01.2022","18,61","18,45","18,77","17,96","29,62M","0,96%"
"24.01.2022","18,43","19,71","19,71","18,24","43,07M","-7,14%"
"21.01.2022","19,85","19,81","20,09","19,35","35,83M","-0,67%"
"20.01.2022","19,98","20,71","20,89","19,68","36,45M","-3,43%"
"19.01.2022","20,69","19,67","20,77","19,15","39,63M","4,47%"
"18.01.2022","19,81","20,85","20,98","19,81","20,20M","-5,45%"
"17.01.2022","20,95","20,93","21,37","20,90","26,54M","1,34%"
"14.01.2022","20,67","20,95","21,14","20,46","22,87M","-1,32%"
"13.01.2022","20,95","20,79","21,55","20,67","33,21M","-0,05%"
"12.01.2022","20,96","21,16","21,27","20,71","26,34M","1,01%"
"11.01.2022","20,75","21,01","21,10","19,99","36,88M","0,11%"
"10.01.2022","20,73","20,71","21,22","20,55","38,47M","0,11%"
"07.01.2022","20,70","20,83","21,01","20,18","33,20M","0,00%"
"06.01.2022","20,70","19,54","20,95","19,39","47,21M","4,47%"
"05.01.2022","19,82","18,79","19,84","18,61","43,48M","5,55%"
"04.01.2022","18,78","18,51","19,26","18,23","50,48M","1,92%"
"03.01.2022","18,42","17,10","18,42","16,95","39,20M","7,71%"
"31.12.2021","17,10","16,97","17,50","16,77","22,63M","1,18%"
"30.12.2021","16,90","17,50","17,76","16,87","22,04M","-2,30%"
"29.12.2021","17,30","16,57","17,44","16,31","29,31M","4,41%"
"28.12.2021","16,57","17,28","17,40","16,29","26,86M","-2,09%"
"27.12.2021","16,93","17,19","18,14","16,86","39,67M","-1,16%"
"24.12.2021","17,13","16,08","17,13","15,93","30,56M","8,19%"
"23.12.2021","15,83","16,64","16,95","15,07","81,46M","-4,54%"
"22.12.2021","16,58","17,50","18,06","16,58","50,07M","-9,98%"
"21.12.2021","18,42","20,49","20,66","18,42","31,38M","-9,96%"
"20.12.2021","20,46","19,83","21,48","18,74","43,60M","-1,02%"
"17.12.2021","20,67","23,06","24,46","20,58","61,96M","-9,55%"
"16.12.2021","22,85","21,69","22,89","21,32","53,23M","6,56%"
"15.12.2021","21,45","21,42","21,86","20,93","45,74M","1,26%"
"14.12.2021","21,18","21,49","21,79","20,80","61,32M","1,38%"
"13.12.2021","20,89","19,96","21,04","19,72","58,76M","9,02%"
"10.12.2021","19,16","18,24","19,21","18,03","56,57M","4,98%"
"09.12.2021","18,26","18,17","18,41","17,90","37,33M","0,67%"
"08.12.2021","18,13","18,28","18,50","17,69","35,63M","0,24%"
"07.12.2021","18,09","17,55","18,11","17,52","34,37M","4,01%"
"06.12.2021","17,39","17,27","17,50","17,06","23,27M","1,29%"
"03.12.2021","17,17","17,61","17,61","17,17","23,63M","-0,64%"
"02.12.2021","17,28","17,47","17,66","17,03","24,25M","-0,76%"
"01.12.2021","17,41","17,11","17,49","17,03","38,54M","3,63%"
"30.11.2021","16,80","17,09","17,09","16,67","32,55M","-2,38%"
"29.11.2021","17,21","16,82","17,29","16,64","38,03M","4,30%"
"26.11.2021","16,51","17,04","17,04","16,27","46,34M","-5,10%"
"25.11.2021","17,39","17,83","18,09","17,26","41,76M","-1,81%"
"24.11.2021","17,71","18,89","19,83","17,58","69,59M","-5,33%"
"23.11.2021","18,71","17,49","18,71","17,28","68,87M","6,83%"
"22.11.2021","17,51","17,28","17,59","17,08","28,57M","1,93%"
"19.11.2021","17,18","17,57","17,83","17,09","36,46M","-1,71%"
"18.11.2021","17,48","17,52","17,86","17,21","49,94M","-0,25%"
"17.11.2021","17,52","17,08","17,61","16,99","42,68M","2,79%"
"16.11.2021","17,05","17,17","17,20","16,57","54,96M","0,00%"
"15.11.2021","17,05","17,28","17,69","16,97","52,37M","-1,09%"
"12.11.2021","17,24","17,34","17,45","17,09","32,40M","-0,58%"
"11.11.2021","17,34","17,49","17,99","17,26","75,13M","-0,89%"
"10.11.2021","17,49","17,21","17,49","16,84","51,70M","3,20%"
"09.11.2021","16,95","16,35","17,10","16,33","42,96M","3,66%"
"08.11.2021","16,35","16,17","16,39","16,07","30,65M","1,58%"
"05.11.2021","16,10","15,51","16,23","15,40","48,40M","1,82%"
"04.11.2021","15,81","15,84","16,22","15,81","38,63M","0,00%"
"03.11.2021","15,81","15,55","15,81","15,11","39,01M","1,71%"
"02.11.2021","15,54","15,39","15,62","15,36","34,80M","1,81%"
"01.11.2021","15,26","15,49","15,52","15,07","27,32M","-1,43%"
"28.10.2021","15,49","15,61","15,64","15,49","9,77M","-1,06%"
"27.10.2021","15,65","15,49","15,77","15,39","39,76M","1,07%"
"26.10.2021","15,49","15,70","15,79","15,36","47,00M","-1,41%"
"25.10.2021","15,71","15,40","15,75","15,35","41,35M","1,87%"
"22.10.2021","15,42","15,09","15,54","14,95","57,06M","2,13%"
"21.10.2021","15,10","14,61","15,15","14,57","58,75M","3,34%"
"20.10.2021","14,61","14,40","14,72","14,35","40,89M","1,31%"
"19.10.2021","14,42","14,51","14,54","14,35","28,15M","0,54%"
"18.10.2021","14,35","14,31","14,38","13,99","55,55M","0,39%"
"15.10.2021","14,29","14,01","14,30","13,92","47,24M","3,20%"
"14.10.2021","13,85","13,67","13,96","13,66","45,94M","1,79%"
"13.10.2021","13,60","14,09","14,12","13,43","55,17M","-3,31%"
"12.10.2021","14,07","13,87","14,15","13,87","37,38M","0,95%"
"11.10.2021","13,94","13,72","14,01","13,70","38,72M","2,28%"
"08.10.2021","13,63","13,65","13,70","13,51","32,63M","-0,08%"
"07.10.2021","13,64","13,27","13,66","13,20","49,91M","3,45%"
"06.10.2021","13,18","13,37","13,46","13,10","59,81M","-1,57%"
"05.10.2021","13,39","12,88","13,39","12,84","74,23M","4,22%"
"04.10.2021","12,85","12,61","12,91","12,61","44,47M","2,20%"
"01.10.2021","12,57","12,66","12,81","12,56","29,07M","-0,96%"
"30.09.2021","12,69","12,48","12,76","12,47","55,52M","1,69%"
"29.09.2021","12,48","12,50","12,52","12,33","35,16M","-0,18%"
"28.09.2021","12,51","12,44","12,61","12,42","57,41M","0,80%"
"27.09.2021","12,41","12,33","12,47","12,26","35,75M","1,08%"
"24.09.2021","12,27","12,27","12,40","12,13","37,08M","-0,36%"
"23.09.2021","12,32","12,27","12,45","12,23","42,48M","0,36%"
"22.09.2021","12,27","12,24","12,30","12,09","35,93M","1,00%"
"21.09.2021","12,15","11,99","12,26","11,94","51,99M","2,05%"
"20.09.2021","11,91","11,92","11,96","11,78","31,46M","-1,10%"
"17.09.2021","12,04","12,05","12,16","11,99","33,16M","0,56%"
"16.09.2021","11,97","12,10","12,24","11,97","33,17M","-1,01%"
"15.09.2021","12,10","12,03","12,16","11,89","74,86M","2,34%"
"14.09.2021","11,82","11,53","11,83","11,52","66,30M","2,99%"
"13.09.2021","11,48","11,40","11,58","11,39","24,72M","0,78%"
"10.09.2021","11,39","11,56","11,60","11,39","19,53M","-1,44%"
"09.09.2021","11,55","11,27","11,55","11,25","30,28M","2,15%"
"08.09.2021","11,31","11,43","11,56","11,31","30,64M","-1,07%"
"07.09.2021","11,43","11,55","11,68","11,40","28,33M","-1,05%"
"06.09.2021","11,55","11,51","11,60","11,44","20,03M","0,58%"
"03.09.2021","11,49","11,61","11,66","11,47","31,93M","-1,24%"
"02.09.2021","11,63","11,50","11,66","11,42","35,95M","1,35%"
"01.09.2021","11,48","11,30","11,51","11,30","40,44M","1,87%"
"31.08.2021","11,27","11,09","11,29","11,08","50,63M","2,11%"
"27.08.2021","11,03","10,98","11,03","10,92","21,61M","0,71%"
"26.08.2021","10,96","11,03","11,13","10,94","25,02M","-0,60%"
"25.08.2021","11,02","11,18","11,21","11,01","30,06M","-0,70%"
"24.08.2021","11,10","11,14","11,22","11,09","22,60M","0,20%"
"23.08.2021","11,08","11,06","11,14","11,02","23,50M","0,86%"
"20.08.2021","10,98","11,12","11,21","10,88","41,99M","-1,25%"
"19.08.2021","11,12","11,14","11,25","11,09","28,53M","-1,28%"
"18.08.2021","11,27","11,41","11,48","11,24","42,11M","-0,97%"
"17.08.2021","11,38","11,12","11,38","11,01","45,96M","2,09%"
"16.08.2021","11,14","11,18","11,22","11,10","27,13M","0,00%"
"13.08.2021","11,14","10,90","11,14","10,89","48,00M","2,34%"
"12.08.2021","10,89","10,81","11,02","10,81","70,57M","1,87%"
"11.08.2021","10,69","11,04","11,05","10,65","52,51M","-3,16%"
"10.08.2021","11,04","10,87","11,08","10,85","36,32M","1,58%"
"09.08.2021","10,87","10,89","10,97","10,82","24,03M","-0,05%"
"06.08.2021","10,87","10,84","10,92","10,71","30,14M","0,41%"
"05.08.2021","10,83","10,50","10,86","10,48","59,08M","3,38%"
"04.08.2021","10,47","10,56","10,64","10,47","19,67M","-0,58%"
"03.08.2021","10,53","10,59","10,59","10,47","20,36M","-0,47%"
"02.08.2021","10,58","10,45","10,60","10,43","20,44M","1,87%"
"30.07.2021","10,39","10,40","10,46","10,32","20,99M","-0,32%"
"29.07.2021","10,42","10,25","10,43","10,25","23,12M","2,39%"
"28.07.2021","10,18","10,22","10,30","10,16","18,23M","-0,49%"
"27.07.2021","10,23","10,17","10,25","10,08","19,47M","0,33%"
"26.07.2021","10,20","10,41","10,43","10,17","19,03M","-1,87%"
"19.07.2021","10,39","10,46","10,46","10,37","4,66M","-1,00%"
"16.07.2021","10,50","10,52","10,56","10,45","10,83M","-0,26%"
"14.07.2021","10,52","10,46","10,53","10,45","16,13M","1,06%"
"13.07.2021","10,41","10,48","10,54","10,40","15,05M","-0,53%"
"12.07.2021","10,47","10,71","10,72","10,43","17,35M","-2,17%"
"09.07.2021","10,70","10,55","10,72","10,51","17,82M","1,42%"
"08.07.2021","10,55","10,65","10,75","10,53","15,49M","-1,14%"
"07.07.2021","10,67","10,68","10,77","10,66","13,48M","0,21%"
"06.07.2021","10,65","10,85","10,89","10,65","16,04M","-1,49%"
"05.07.2021","10,81","10,60","10,81","10,57","15,16M","2,04%"
"02.07.2021","10,60","10,67","10,80","10,60","18,16M","-0,52%"
"01.07.2021","10,65","10,51","10,68","10,51","16,81M","1,48%"
"30.06.2021","10,50","10,61","10,70","10,44","28,71M","-0,84%"
"29.06.2021","10,58","10,68","10,70","10,50","28,92M","-0,88%"
"28.06.2021","10,68","10,90","10,94","10,63","25,08M","-1,98%"
"25.06.2021","10,89","11,12","11,15","10,89","16,10M","-1,75%"
"24.06.2021","11,09","11,12","11,19","11,07","14,44M","-0,10%"
"23.06.2021","11,10","11,19","11,25","11,03","26,03M","-0,30%"
"22.06.2021","11,13","11,13","11,21","11,04","27,89M","0,90%"
"21.06.2021","11,03","11,19","11,20","10,96","27,24M","-1,97%"
"18.06.2021","11,25","11,56","11,58","11,18","25,64M","-2,21%"
"17.06.2021","11,51","11,39","11,55","11,37","31,21M","0,87%"
"16.06.2021","11,41","11,44","11,59","11,40","27,25M","0,10%"
"15.06.2021","11,40","11,48","11,59","11,30","31,32M","-1,06%"
"14.06.2021","11,52","11,53","11,64","11,40","36,26M","0,29%"
"11.06.2021","11,49","11,52","11,69","11,47","39,54M","0,58%"
"10.06.2021","11,42","11,40","11,50","11,34","18,84M","0,49%"
"09.06.2021","11,37","11,50","11,54","11,35","26,78M","-0,77%"
"08.06.2021","11,45","11,41","11,52","11,34","30,78M","0,49%"
"07.06.2021","11,40","11,37","11,55","11,29","28,36M","-0,10%"
"04.06.2021","11,41","11,51","11,51","11,32","36,72M","0,00%"
"03.06.2021","11,41","11,29","11,41","11,15","41,76M","1,48%"
"02.06.2021","11,24","10,93","11,32","10,93","58,15M","2,94%"
"01.06.2021","10,92","10,87","10,97","10,78","27,43M","1,28%"
"31.05.2021","10,78","10,81","10,91","10,76","23,35M","-0,26%"
"28.05.2021","10,81","10,75","10,88","10,63","36,73M","0,83%"
"27.05.2021","10,72","10,98","11,11","10,72","40,97M","-2,42%"
"26.05.2021","10,99","11,04","11,14","10,77","43,40M","0,30%"
"25.05.2021","10,96","11,44","11,45","10,96","29,37M","-3,98%"
"24.05.2021","11,41","11,47","11,48","11,27","16,69M","0,10%"
"21.05.2021","11,40","11,19","11,51","11,19","51,06M","2,69%"
"20.05.2021","11,10","11,19","11,38","11,05","36,37M","-1,38%"
"18.05.2021","11,25","11,28","11,41","11,08","31,62M","0,40%"
"17.05.2021","11,21","10,96","11,31","10,95","40,04M","2,64%"
"12.05.2021","10,92","10,58","10,94","10,50","28,83M","2,98%"
"11.05.2021","10,61","10,56","10,61","10,44","32,88M","-0,62%"
"10.05.2021","10,67","10,77","10,82","10,63","38,77M","-0,26%"
"07.05.2021","10,70","10,24","10,71","10,24","69,24M","5,34%"
"06.05.2021","10,16","10,11","10,26","10,07","38,56M","0,44%"
"05.05.2021","10,11","10,01","10,20","9,95","44,47M","1,28%"
"04.05.2021","9,99","10,07","10,12","9,94","28,33M","-0,77%"
"03.05.2021","10,06","9,75","10,06","9,74","36,24M","3,53%"
"30.04.2021","9,72","9,75","9,84","9,69","24,40M","-0,23%"
"29.04.2021","9,74","9,69","9,80","9,66","19,11M","0,98%"
"28.04.2021","9,65","9,55","9,76","9,55","23,13M","0,69%"
"27.04.2021","9,58","9,57","9,66","9,50","21,93M","0,29%"
"26.04.2021","9,55","9,53","9,60","9,44","23,07M","-0,29%"
"22.04.2021","9,58","9,29","9,68","9,18","21,83M","1,76%"
"21.04.2021","9,42","9,53","9,64","9,29","21,29M","-1,79%"
"20.04.2021","9,59","9,71","9,81","9,53","14,15M","-1,03%"
"19.04.2021","9,69","9,90","9,99","9,66","18,88M","-2,02%"
"16.04.2021","9,89","9,86","10,08","9,82","18,66M","-0,28%"
"15.04.2021","9,91","9,91","10,11","9,89","34,80M","0,51%"
"14.04.2021","9,86","9,63","9,86","9,60","20,31M","3,07%"
"13.04.2021","9,57","9,65","9,71","9,40","16,95M","-0,69%"
"12.04.2021","9,64","9,78","9,80","9,64","12,86M","-1,86%"
"09.04.2021","9,82","9,97","9,97","9,70","16,26M","-1,50%"
"08.04.2021","9,97","10,08","10,13","9,96","13,19M","-1,04%"
"07.04.2021","10,07","10,07","10,12","9,96","13,12M","0,06%"
"06.04.2021","10,07","10,24","10,31","10,07","16,81M","-1,52%"
"05.04.2021","10,22","10,19","10,25","10,11","13,17M","0,22%"
"02.04.2021","10,20","10,30","10,36","10,15","16,58M","-0,27%"
"01.04.2021","10,23","10,00","10,26","10,00","27,78M","2,61%"
"31.03.2021","9,97","10,03","10,12","9,95","26,50M","-0,55%"
"30.03.2021","10,03","10,25","10,34","9,96","40,60M","-2,43%"
"29.03.2021","10,27","10,33","10,44","10,21","26,57M","-0,91%"
"26.03.2021","10,37","10,58","10,70","10,21","29,98M","-0,85%"
"25.03.2021","10,46","10,38","10,82","10,30","60,11M","2,50%"
"24.03.2021","10,20","9,97","10,23","9,84","34,11M","3,89%"
"23.03.2021","9,82","9,30","10,09","9,07","46,95M","-2,10%"
"22.03.2021","10,03","10,52","10,57","10,03","37,17M","-9,99%"
"19.03.2021","11,14","11,29","11,32","11,07","24,85M","-1,66%"
"18.03.2021","11,33","11,43","11,59","11,33","27,22M","-0,68%"
"17.03.2021","11,41","11,71","11,81","11,40","30,01M","-2,46%"
"16.03.2021","11,70","11,76","11,80","11,65","16,25M","-0,75%"
"15.03.2021","11,79","11,86","11,96","11,79","18,48M","-0,84%"
"12.03.2021","11,89","11,85","11,99","11,81","29,35M","0,28%"
"11.03.2021","11,85","11,87","12,01","11,81","30,03M","0,28%"
"10.03.2021","11,82","11,85","12,01","11,79","23,65M","-0,37%"
"09.03.2021","11,86","11,99","12,02","11,84","27,82M","-0,37%"
"08.03.2021","11,91","11,92","12,19","11,84","63,43M","0,75%"
"05.03.2021","11,82","11,87","12,01","11,72","47,98M","0,85%"
"04.03.2021","11,72","11,72","11,83","11,60","26,25M","0,00%"
"03.03.2021","11,72","12,01","12,03","11,68","34,48M","-1,67%"
"02.03.2021","11,92","11,72","12,09","11,66","58,47M","1,70%"
"01.03.2021","11,72","11,35","11,74","11,34","38,31M","4,65%"
"26.02.2021","11,20","11,11","11,37","11,11","34,98M","-1,75%"
"25.02.2021","11,40","11,49","11,61","11,25","39,74M","0,29%"
"24.02.2021","11,37","11,28","11,51","11,20","30,50M","0,79%"
"23.02.2021","11,28","11,29","11,73","11,23","81,52M","0,89%"
"22.02.2021","11,18","11,47","11,47","11,18","23,50M","-1,94%"
"19.02.2021","11,40","11,34","11,43","11,29","24,61M","1,28%"
"18.02.2021","11,25","11,38","11,53","11,25","42,02M","-0,49%"
"17.02.2021","11,31","11,55","11,56","11,30","30,98M","-1,54%"
"16.02.2021","11,49","11,70","11,90","11,41","50,09M","-1,43%"
"15.02.2021","11,65","11,53","11,70","11,48","32,41M","2,53%"
"12.02.2021","11,37","11,52","11,64","11,34","32,33M","-3,02%"
"11.02.2021","11,72","11,54","11,81","11,48","38,57M","1,63%"
"10.02.2021","11,53","11,58","11,69","11,33","33,52M","0,10%"
"09.02.2021","11,52","11,22","11,64","11,19","53,60M","3,17%"
"08.02.2021","11,17","11,24","11,35","11,09","26,45M","0,10%"
"05.02.2021","11,15","11,35","11,40","11,14","16,50M","-0,59%"
"04.02.2021","11,22","11,28","11,42","11,21","28,49M","0,00%"
"03.02.2021","11,22","11,19","11,29","11,05","21,15M","0,90%"
"02.02.2021","11,12","11,10","11,21","11,00","20,29M","1,16%"
"01.02.2021","10,99","11,09","11,15","10,96","20,78M","-0,15%"
"29.01.2021","11,01","11,19","11,29","11,00","21,71M","-3,02%"
"28.01.2021","11,35","10,90","11,35","10,67","34,67M","3,54%"
"27.01.2021","10,97","11,34","11,56","10,97","39,88M","-3,32%"
"26.01.2021","11,34","11,47","11,53","11,29","26,52M","-2,01%"
"25.01.2021","11,58","11,87","11,90","11,58","23,98M","-2,15%"
"22.01.2021","11,83","11,81","11,91","11,65","24,91M","-0,19%"
"21.01.2021","11,85","12,13","12,15","11,85","26,08M","-1,65%"
"20.01.2021","12,05","12,04","12,32","12,01","48,52M","0,37%"
"19.01.2021","12,01","12,07","12,26","11,96","30,51M","0,28%"
"18.01.2021","11,97","11,84","12,09","11,54","36,02M","1,69%"
"15.01.2021","11,78","12,12","12,14","11,71","27,35M","-3,36%"
"14.01.2021","12,19","12,07","12,30","12,01","38,72M","1,29%"
"13.01.2021","12,03","12,21","12,28","11,92","33,01M","-0,73%"
"12.01.2021","12,12","12,27","12,35","12,12","32,77M","-0,64%"
"11.01.2021","12,20","12,35","12,50","12,10","33,93M","-1,87%"
"08.01.2021","12,43","12,42","12,51","12,32","25,83M","0,72%"
"07.01.2021","12,34","12,42","12,48","12,26","24,63M","-0,09%"
"06.01.2021","12,35","12,54","12,62","12,34","46,12M","0,45%"
"05.01.2021","12,30","12,03","12,47","12,02","78,28M","1,00%"
"04.01.2021","12,17","12,06","12,23","12,00","37,19M","1,76%"